--
-- PostgreSQL database dump
--

-- Dumped from database version 16.2
-- Dumped by pg_dump version 16.2

SET statement_timeout = 0;
SET lock_timeout = 0;
SET idle_in_transaction_session_timeout = 0;
SET client_encoding = 'UTF8';
SET standard_conforming_strings = on;
SELECT pg_catalog.set_config('search_path', '', false);
SET check_function_bodies = false;
SET xmloption = content;
SET client_min_messages = warning;
SET row_security = off;

--
-- Name: adminpack; Type: EXTENSION; Schema: -; Owner: -
--

CREATE EXTENSION IF NOT EXISTS adminpack WITH SCHEMA pg_catalog;


--
-- Name: EXTENSION adminpack; Type: COMMENT; Schema: -; Owner: 
--

COMMENT ON EXTENSION adminpack IS 'administrative functions for PostgreSQL';


SET default_tablespace = '';

SET default_table_access_method = heap;

--
-- Name: auth_group; Type: TABLE; Schema: public; Owner: postgres
--

CREATE TABLE public.auth_group (
    id integer NOT NULL,
    name character varying(150) NOT NULL
);


ALTER TABLE public.auth_group OWNER TO postgres;

--
-- Name: auth_group_id_seq; Type: SEQUENCE; Schema: public; Owner: postgres
--

ALTER TABLE public.auth_group ALTER COLUMN id ADD GENERATED BY DEFAULT AS IDENTITY (
    SEQUENCE NAME public.auth_group_id_seq
    START WITH 1
    INCREMENT BY 1
    NO MINVALUE
    NO MAXVALUE
    CACHE 1
);


--
-- Name: auth_group_permissions; Type: TABLE; Schema: public; Owner: postgres
--

CREATE TABLE public.auth_group_permissions (
    id bigint NOT NULL,
    group_id integer NOT NULL,
    permission_id integer NOT NULL
);


ALTER TABLE public.auth_group_permissions OWNER TO postgres;

--
-- Name: auth_group_permissions_id_seq; Type: SEQUENCE; Schema: public; Owner: postgres
--

ALTER TABLE public.auth_group_permissions ALTER COLUMN id ADD GENERATED BY DEFAULT AS IDENTITY (
    SEQUENCE NAME public.auth_group_permissions_id_seq
    START WITH 1
    INCREMENT BY 1
    NO MINVALUE
    NO MAXVALUE
    CACHE 1
);


--
-- Name: auth_permission; Type: TABLE; Schema: public; Owner: postgres
--

CREATE TABLE public.auth_permission (
    id integer NOT NULL,
    name character varying(255) NOT NULL,
    content_type_id integer NOT NULL,
    codename character varying(100) NOT NULL
);


ALTER TABLE public.auth_permission OWNER TO postgres;

--
-- Name: auth_permission_id_seq; Type: SEQUENCE; Schema: public; Owner: postgres
--

ALTER TABLE public.auth_permission ALTER COLUMN id ADD GENERATED BY DEFAULT AS IDENTITY (
    SEQUENCE NAME public.auth_permission_id_seq
    START WITH 1
    INCREMENT BY 1
    NO MINVALUE
    NO MAXVALUE
    CACHE 1
);


--
-- Name: auth_user; Type: TABLE; Schema: public; Owner: postgres
--

CREATE TABLE public.auth_user (
    id integer NOT NULL,
    password character varying(128) NOT NULL,
    last_login timestamp with time zone,
    is_superuser boolean NOT NULL,
    username character varying(150) NOT NULL,
    first_name character varying(150) NOT NULL,
    last_name character varying(150) NOT NULL,
    email character varying(254) NOT NULL,
    is_staff boolean NOT NULL,
    is_active boolean NOT NULL,
    date_joined timestamp with time zone NOT NULL
);


ALTER TABLE public.auth_user OWNER TO postgres;

--
-- Name: auth_user_groups; Type: TABLE; Schema: public; Owner: postgres
--

CREATE TABLE public.auth_user_groups (
    id bigint NOT NULL,
    user_id integer NOT NULL,
    group_id integer NOT NULL
);


ALTER TABLE public.auth_user_groups OWNER TO postgres;

--
-- Name: auth_user_groups_id_seq; Type: SEQUENCE; Schema: public; Owner: postgres
--

ALTER TABLE public.auth_user_groups ALTER COLUMN id ADD GENERATED BY DEFAULT AS IDENTITY (
    SEQUENCE NAME public.auth_user_groups_id_seq
    START WITH 1
    INCREMENT BY 1
    NO MINVALUE
    NO MAXVALUE
    CACHE 1
);


--
-- Name: auth_user_id_seq; Type: SEQUENCE; Schema: public; Owner: postgres
--

ALTER TABLE public.auth_user ALTER COLUMN id ADD GENERATED BY DEFAULT AS IDENTITY (
    SEQUENCE NAME public.auth_user_id_seq
    START WITH 1
    INCREMENT BY 1
    NO MINVALUE
    NO MAXVALUE
    CACHE 1
);


--
-- Name: auth_user_user_permissions; Type: TABLE; Schema: public; Owner: postgres
--

CREATE TABLE public.auth_user_user_permissions (
    id bigint NOT NULL,
    user_id integer NOT NULL,
    permission_id integer NOT NULL
);


ALTER TABLE public.auth_user_user_permissions OWNER TO postgres;

--
-- Name: auth_user_user_permissions_id_seq; Type: SEQUENCE; Schema: public; Owner: postgres
--

ALTER TABLE public.auth_user_user_permissions ALTER COLUMN id ADD GENERATED BY DEFAULT AS IDENTITY (
    SEQUENCE NAME public.auth_user_user_permissions_id_seq
    START WITH 1
    INCREMENT BY 1
    NO MINVALUE
    NO MAXVALUE
    CACHE 1
);


--
-- Name: django_admin_log; Type: TABLE; Schema: public; Owner: postgres
--

CREATE TABLE public.django_admin_log (
    id integer NOT NULL,
    action_time timestamp with time zone NOT NULL,
    object_id text,
    object_repr character varying(200) NOT NULL,
    action_flag smallint NOT NULL,
    change_message text NOT NULL,
    content_type_id integer,
    user_id integer NOT NULL,
    CONSTRAINT django_admin_log_action_flag_check CHECK ((action_flag >= 0))
);


ALTER TABLE public.django_admin_log OWNER TO postgres;

--
-- Name: django_admin_log_id_seq; Type: SEQUENCE; Schema: public; Owner: postgres
--

ALTER TABLE public.django_admin_log ALTER COLUMN id ADD GENERATED BY DEFAULT AS IDENTITY (
    SEQUENCE NAME public.django_admin_log_id_seq
    START WITH 1
    INCREMENT BY 1
    NO MINVALUE
    NO MAXVALUE
    CACHE 1
);


--
-- Name: django_content_type; Type: TABLE; Schema: public; Owner: postgres
--

CREATE TABLE public.django_content_type (
    id integer NOT NULL,
    app_label character varying(100) NOT NULL,
    model character varying(100) NOT NULL
);


ALTER TABLE public.django_content_type OWNER TO postgres;

--
-- Name: django_content_type_id_seq; Type: SEQUENCE; Schema: public; Owner: postgres
--

ALTER TABLE public.django_content_type ALTER COLUMN id ADD GENERATED BY DEFAULT AS IDENTITY (
    SEQUENCE NAME public.django_content_type_id_seq
    START WITH 1
    INCREMENT BY 1
    NO MINVALUE
    NO MAXVALUE
    CACHE 1
);


--
-- Name: django_migrations; Type: TABLE; Schema: public; Owner: postgres
--

CREATE TABLE public.django_migrations (
    id bigint NOT NULL,
    app character varying(255) NOT NULL,
    name character varying(255) NOT NULL,
    applied timestamp with time zone NOT NULL
);


ALTER TABLE public.django_migrations OWNER TO postgres;

--
-- Name: django_migrations_id_seq; Type: SEQUENCE; Schema: public; Owner: postgres
--

ALTER TABLE public.django_migrations ALTER COLUMN id ADD GENERATED BY DEFAULT AS IDENTITY (
    SEQUENCE NAME public.django_migrations_id_seq
    START WITH 1
    INCREMENT BY 1
    NO MINVALUE
    NO MAXVALUE
    CACHE 1
);


--
-- Name: django_session; Type: TABLE; Schema: public; Owner: postgres
--

CREATE TABLE public.django_session (
    session_key character varying(40) NOT NULL,
    session_data text NOT NULL,
    expire_date timestamp with time zone NOT NULL
);


ALTER TABLE public.django_session OWNER TO postgres;

--
-- Name: home_homeowner; Type: TABLE; Schema: public; Owner: postgres
--

CREATE TABLE public.home_homeowner (
    id bigint NOT NULL,
    user_id integer NOT NULL,
    address character varying(255) NOT NULL,
    phone character varying(15),
    photo character varying(100)
);


ALTER TABLE public.home_homeowner OWNER TO postgres;

--
-- Name: home_homeowner_id_seq; Type: SEQUENCE; Schema: public; Owner: postgres
--

ALTER TABLE public.home_homeowner ALTER COLUMN id ADD GENERATED BY DEFAULT AS IDENTITY (
    SEQUENCE NAME public.home_homeowner_id_seq
    START WITH 1
    INCREMENT BY 1
    NO MINVALUE
    NO MAXVALUE
    CACHE 1
);


--
-- Name: home_message; Type: TABLE; Schema: public; Owner: postgres
--

CREATE TABLE public.home_message (
    id bigint NOT NULL,
    content text NOT NULL,
    date timestamp with time zone NOT NULL,
    recipient_id bigint NOT NULL,
    sender_id bigint NOT NULL
);


ALTER TABLE public.home_message OWNER TO postgres;

--
-- Name: home_message_id_seq; Type: SEQUENCE; Schema: public; Owner: postgres
--

ALTER TABLE public.home_message ALTER COLUMN id ADD GENERATED BY DEFAULT AS IDENTITY (
    SEQUENCE NAME public.home_message_id_seq
    START WITH 1
    INCREMENT BY 1
    NO MINVALUE
    NO MAXVALUE
    CACHE 1
);


--
-- Name: home_order; Type: TABLE; Schema: public; Owner: postgres
--

CREATE TABLE public.home_order (
    id bigint NOT NULL,
    status character varying(20) NOT NULL,
    homeowner_id bigint NOT NULL,
    professional_id bigint NOT NULL,
    budget numeric(10,2) NOT NULL,
    project_description text NOT NULL
);


ALTER TABLE public.home_order OWNER TO postgres;

--
-- Name: home_order_id_seq; Type: SEQUENCE; Schema: public; Owner: postgres
--

ALTER TABLE public.home_order ALTER COLUMN id ADD GENERATED BY DEFAULT AS IDENTITY (
    SEQUENCE NAME public.home_order_id_seq
    START WITH 1
    INCREMENT BY 1
    NO MINVALUE
    NO MAXVALUE
    CACHE 1
);


--
-- Name: home_previouswork; Type: TABLE; Schema: public; Owner: postgres
--

CREATE TABLE public.home_previouswork (
    id bigint NOT NULL,
    project_name character varying(100) NOT NULL,
    location character varying(255) NOT NULL,
    description text NOT NULL,
    professional_id bigint NOT NULL,
    products_used character varying(200) NOT NULL
);


ALTER TABLE public.home_previouswork OWNER TO postgres;

--
-- Name: home_previouswork_id_seq; Type: SEQUENCE; Schema: public; Owner: postgres
--

ALTER TABLE public.home_previouswork ALTER COLUMN id ADD GENERATED BY DEFAULT AS IDENTITY (
    SEQUENCE NAME public.home_previouswork_id_seq
    START WITH 1
    INCREMENT BY 1
    NO MINVALUE
    NO MAXVALUE
    CACHE 1
);


--
-- Name: home_professional; Type: TABLE; Schema: public; Owner: postgres
--

CREATE TABLE public.home_professional (
    id bigint NOT NULL,
    address character varying(255) NOT NULL,
    bio text,
    job character varying(255),
    phone character varying(15),
    user_id integer NOT NULL,
    photo character varying(100),
    user_profile_id bigint,
    previous_work character varying(100)
);


ALTER TABLE public.home_professional OWNER TO postgres;

--
-- Name: home_professional_id_seq; Type: SEQUENCE; Schema: public; Owner: postgres
--

ALTER TABLE public.home_professional ALTER COLUMN id ADD GENERATED BY DEFAULT AS IDENTITY (
    SEQUENCE NAME public.home_professional_id_seq
    START WITH 1
    INCREMENT BY 1
    NO MINVALUE
    NO MAXVALUE
    CACHE 1
);


--
-- Name: home_projectimage; Type: TABLE; Schema: public; Owner: postgres
--

CREATE TABLE public.home_projectimage (
    id bigint NOT NULL,
    image character varying(100) NOT NULL,
    project_id bigint NOT NULL
);


ALTER TABLE public.home_projectimage OWNER TO postgres;

--
-- Name: home_projectimage_id_seq; Type: SEQUENCE; Schema: public; Owner: postgres
--

ALTER TABLE public.home_projectimage ALTER COLUMN id ADD GENERATED BY DEFAULT AS IDENTITY (
    SEQUENCE NAME public.home_projectimage_id_seq
    START WITH 1
    INCREMENT BY 1
    NO MINVALUE
    NO MAXVALUE
    CACHE 1
);


--
-- Name: home_quote; Type: TABLE; Schema: public; Owner: postgres
--

CREATE TABLE public.home_quote (
    id bigint NOT NULL,
    cost numeric(10,2) NOT NULL,
    terms text NOT NULL,
    professional_id bigint NOT NULL,
    order_id bigint NOT NULL
);


ALTER TABLE public.home_quote OWNER TO postgres;

--
-- Name: home_quote_id_seq; Type: SEQUENCE; Schema: public; Owner: postgres
--

ALTER TABLE public.home_quote ALTER COLUMN id ADD GENERATED BY DEFAULT AS IDENTITY (
    SEQUENCE NAME public.home_quote_id_seq
    START WITH 1
    INCREMENT BY 1
    NO MINVALUE
    NO MAXVALUE
    CACHE 1
);


--
-- Name: home_userprofile; Type: TABLE; Schema: public; Owner: postgres
--

CREATE TABLE public.home_userprofile (
    id bigint NOT NULL,
    phone character varying(15),
    address character varying(255) NOT NULL,
    user_id integer NOT NULL,
    email character varying(254) NOT NULL,
    password character varying(255) NOT NULL
);


ALTER TABLE public.home_userprofile OWNER TO postgres;

--
-- Name: home_userprofile_id_seq; Type: SEQUENCE; Schema: public; Owner: postgres
--

ALTER TABLE public.home_userprofile ALTER COLUMN id ADD GENERATED BY DEFAULT AS IDENTITY (
    SEQUENCE NAME public.home_userprofile_id_seq
    START WITH 1
    INCREMENT BY 1
    NO MINVALUE
    NO MAXVALUE
    CACHE 1
);


--
-- Name: home_wishlist; Type: TABLE; Schema: public; Owner: postgres
--

CREATE TABLE public.home_wishlist (
    id bigint NOT NULL,
    homeowner_id bigint NOT NULL,
    previous_work_id bigint NOT NULL
);


ALTER TABLE public.home_wishlist OWNER TO postgres;

--
-- Name: home_wishlist_id_seq; Type: SEQUENCE; Schema: public; Owner: postgres
--

ALTER TABLE public.home_wishlist ALTER COLUMN id ADD GENERATED BY DEFAULT AS IDENTITY (
    SEQUENCE NAME public.home_wishlist_id_seq
    START WITH 1
    INCREMENT BY 1
    NO MINVALUE
    NO MAXVALUE
    CACHE 1
);


--
-- Data for Name: auth_group; Type: TABLE DATA; Schema: public; Owner: postgres
--

COPY public.auth_group (id, name) FROM stdin;
\.


--
-- Data for Name: auth_group_permissions; Type: TABLE DATA; Schema: public; Owner: postgres
--

COPY public.auth_group_permissions (id, group_id, permission_id) FROM stdin;
\.


--
-- Data for Name: auth_permission; Type: TABLE DATA; Schema: public; Owner: postgres
--

COPY public.auth_permission (id, name, content_type_id, codename) FROM stdin;
1	Can add log entry	1	add_logentry
2	Can change log entry	1	change_logentry
3	Can delete log entry	1	delete_logentry
4	Can view log entry	1	view_logentry
5	Can add permission	2	add_permission
6	Can change permission	2	change_permission
7	Can delete permission	2	delete_permission
8	Can view permission	2	view_permission
9	Can add group	3	add_group
10	Can change group	3	change_group
11	Can delete group	3	delete_group
12	Can view group	3	view_group
13	Can add user	4	add_user
14	Can change user	4	change_user
15	Can delete user	4	delete_user
16	Can view user	4	view_user
17	Can add content type	5	add_contenttype
18	Can change content type	5	change_contenttype
19	Can delete content type	5	delete_contenttype
20	Can view content type	5	view_contenttype
21	Can add session	6	add_session
22	Can change session	6	change_session
23	Can delete session	6	delete_session
24	Can view session	6	view_session
25	Can add homeowner	7	add_homeowner
26	Can change homeowner	7	change_homeowner
27	Can delete homeowner	7	delete_homeowner
28	Can view homeowner	7	view_homeowner
29	Can add message	8	add_message
30	Can change message	8	change_message
31	Can delete message	8	delete_message
32	Can view message	8	view_message
33	Can add professional	9	add_professional
34	Can change professional	9	change_professional
35	Can delete professional	9	delete_professional
36	Can view professional	9	view_professional
37	Can add order request	10	add_orderrequest
38	Can change order request	10	change_orderrequest
39	Can delete order request	10	delete_orderrequest
40	Can view order request	10	view_orderrequest
41	Can add order	11	add_order
42	Can change order	11	change_order
43	Can delete order	11	delete_order
44	Can view order	11	view_order
45	Can add professional photo	12	add_professionalphoto
46	Can change professional photo	12	change_professionalphoto
47	Can delete professional photo	12	delete_professionalphoto
48	Can view professional photo	12	view_professionalphoto
49	Can add quote	13	add_quote
50	Can change quote	13	change_quote
51	Can delete quote	13	delete_quote
52	Can view quote	13	view_quote
53	Can add user profile	14	add_userprofile
54	Can change user profile	14	change_userprofile
55	Can delete user profile	14	delete_userprofile
56	Can view user profile	14	view_userprofile
57	Can add previous work	15	add_previouswork
58	Can change previous work	15	change_previouswork
59	Can delete previous work	15	delete_previouswork
60	Can view previous work	15	view_previouswork
61	Can add wishlist	16	add_wishlist
62	Can change wishlist	16	change_wishlist
63	Can delete wishlist	16	delete_wishlist
64	Can view wishlist	16	view_wishlist
65	Can add previous work image	17	add_previousworkimage
66	Can change previous work image	17	change_previousworkimage
67	Can delete previous work image	17	delete_previousworkimage
68	Can view previous work image	17	view_previousworkimage
69	Can add project image	18	add_projectimage
70	Can change project image	18	change_projectimage
71	Can delete project image	18	delete_projectimage
72	Can view project image	18	view_projectimage
\.


--
-- Data for Name: auth_user; Type: TABLE DATA; Schema: public; Owner: postgres
--

COPY public.auth_user (id, password, last_login, is_superuser, username, first_name, last_name, email, is_staff, is_active, date_joined) FROM stdin;
1	pbkdf2_sha256$720000$3E62x9rF8HyTvwlPMkNUs4$bJXmuWGK2LpX73Zvvocqfo9IMwHQBXglW4qI9za/Xt4=	\N	f	alanoud			hp@gmail.com	f	t	2024-02-27 17:21:59.673748+03
4	pbkdf2_sha256$720000$8DIjTJAr41mBwbkTcAujTE$7R/xhw9FY4LeiXQZ6hK3K0UTos66EvVdsHJiZT4082s=	2024-02-27 18:00:41.115217+03	f	alano			alano@gmail.com	f	t	2024-02-27 18:00:40.075869+03
5	pbkdf2_sha256$720000$hO7j76HaexqwthNQNpSmcl$F3HU8XPB5kdtwsj9QEY3v3v+rd1Cwa1KZXgJ4Mt58JI=	2024-02-27 18:14:58.990916+03	f	wad			wa@gmail.com	f	t	2024-02-27 18:14:57.695396+03
6	pbkdf2_sha256$720000$kgck6Ex8boxjXSdTyLdzFT$uzOffZYOecmJuwpuvcz/qzJQvsq4cc8EeBN/gk6Y1XA=	2024-02-27 19:10:02.132729+03	f	nouf			nouf@gmail.com	f	t	2024-02-27 19:10:00.453232+03
8	pbkdf2_sha256$720000$lk2lFoseAKtQdtyuRksJ6Z$NuoolajRwnngB3EcrkTULiEVvT792COUZWk44rVy/P4=	2024-02-27 19:19:13.634659+03	f	wala			wala@gmail.com	f	t	2024-02-27 19:19:12.411309+03
10	pbkdf2_sha256$720000$eMQT832jGTubu7vdhHO2AN$zVGiO+wGwGAyKPqvo+dtXSfVgeJapN2xnOYlT249xCI=	2024-02-27 20:14:06.982792+03	f	fa			fa@gmail.com	f	t	2024-02-27 20:14:04.031831+03
11	pbkdf2_sha256$720000$KOhT9hYEhiIM3SDioj86IE$HSAYr/wKvvXDqf4wI1C749apg8kCvawIZhuhvgu/G1E=	2024-02-27 20:35:15.474347+03	f	alanooood			alanooood@gmail.co	f	t	2024-02-27 20:35:12.598088+03
12	pbkdf2_sha256$720000$iXpohgpWCJkDbPMI6LvLOR$vjlNcyyYEGd6J7KUMj4I/U1DrcAkt1INGVLGYCwWvY4=	2024-02-27 20:40:27.583301+03	f	alanoudd			alanoudd@gmail.com	f	t	2024-02-27 20:40:25.030885+03
13	pbkdf2_sha256$720000$0H1LhkmaH5zRVDEbojSqQO$Tjr4JBprOCvODHrXos1vdf2uI5xnqSZ/vxR0MYY3Q5Y=	2024-02-28 15:59:21.75065+03	f	noof			m@gmail.com	f	t	2024-02-28 15:59:18.56465+03
14	pbkdf2_sha256$720000$GEsyhlum6ZFBqQhQ3IuefB$MKhrGKiHiNjNtgVUf0YbuEtgK1aoD8sn+syq6LC6n3A=	2024-02-28 16:58:05.65464+03	f	ahmed			a@gmail.com	f	t	2024-02-28 16:58:02.65145+03
31	pbkdf2_sha256$720000$zBfqcMbR2QieNN7NdKtNMm$HYVlcoXVUnZGnM/a1UpyqXUfwo33mzcOMTQaZdySGCM=	2024-02-29 17:23:25.811893+03	f	نوف			n@gmail.com	f	t	2024-02-29 17:23:24.868283+03
15	pbkdf2_sha256$720000$oF2h2dfgacPKyiLbdPiQSN$KO1gOYQ/BfblVzuzvueEzmN6n04xdc72yVmChq338Qc=	2024-02-28 17:41:29.015603+03	f	alanod			al@gmail.com	f	t	2024-02-28 17:32:15.334736+03
16	pbkdf2_sha256$720000$bm5xoCKTz4oW1fnhclbJWG$igQzsHKAS1Vdcc5sI4AZEy2FvLA4BeQkn+Fvv4Lxzks=	2024-02-28 17:55:13.102176+03	f	alanou			a@gmail.com	f	t	2024-02-28 17:53:41.277787+03
32	pbkdf2_sha256$720000$xE70MIYEO8KUWI73vVKUMn$sk9Yng5uKsP/Zp9G2oyY62Tt/fSfXkaARDfwT1siLrQ=	2024-02-29 17:34:04.523744+03	f	يا			y@gmail.com	f	t	2024-02-29 17:34:03.652469+03
18	pbkdf2_sha256$720000$GE3akRSxqpsxlcJV7mwCqU$AoaLlXduiDAv5VTENrtXabkfsmc2utjuqYIqb+jcbwA=	2024-02-28 19:18:14.549875+03	f	saud			s@gmail.com	f	t	2024-02-28 19:18:11.645531+03
42	pbkdf2_sha256$720000$rUoNER76GqDn1Cu4NHxZzs$Ksj6S5sUvrpRllU98KuEMk4utfqO8fuGHZ+uQaCCIu4=	2024-03-04 12:01:55.28141+03	f	jo			jo@gmail.com	f	t	2024-03-04 12:01:30.726159+03
19	pbkdf2_sha256$720000$4AiE4RiRrrqaImep2IKWtp$QdcnIZwJLRPA6ClbkhLfj2IMfEQLQJfsGj8PRRMxNEo=	2024-02-28 19:41:20.103794+03	f	mohamed			m@gmail.com	f	t	2024-02-28 19:41:17.557574+03
33	pbkdf2_sha256$720000$0bWm5ZHAfIYAFwuquD0ZTm$lGFRZGCArJ/hfv728D8iNaJJMXABv963cFgJmeS8nRY=	2024-02-29 17:49:30.021466+03	f	محمد			mmmm@gmail.com	f	t	2024-02-29 17:49:02.305939+03
20	pbkdf2_sha256$720000$H95Yg8pZ4MnSZEW55v7Ctn$gC0C1Z/SB+7p+W1NxwA089rliRVF8gTP7a2MCi0t2z8=	2024-02-28 20:03:18.137269+03	f	mody			m@gmail.com	f	t	2024-02-28 20:03:00.062951+03
34	pbkdf2_sha256$720000$4kL71Fo9GsrAyvcRZ4cJ3L$K5jzxv5KrriAN5iIEuSxwd9XB2E2NPy6oMERjhlqQW8=	2024-03-01 16:53:24.258927+03	f	شيخه ع			sss@gmail.com	f	t	2024-03-01 16:53:21.89981+03
21	pbkdf2_sha256$720000$Lvjt9K101pkV1feOzLN4z5$QVfKb3cAOiUU9nFwve7ZXLttufSET9QQ1HNsTAQ7m0I=	2024-02-29 14:05:35.713162+03	f	gg			gg@gmail.com	f	t	2024-02-29 14:05:11.896593+03
25	pbkdf2_sha256$720000$xg8tTesvoujhJon6tnprS3$Igz7050XkZ4QUXuPH8MDsXF8kKFvR/mAVKpAsVmqIb4=	\N	f	alanoodmmm			mmm@gmail.com	f	t	2024-02-29 14:59:39.186792+03
27	pbkdf2_sha256$720000$M1QzNuggZFQPQpcYGhSiv3$+C1EaS8CpFMeki3Sls1hMCyVVv7KeuL8zD5RepP9YHk=	2024-02-29 15:09:34.239359+03	f	w			aw@gmail.com	f	t	2024-02-29 15:09:32.614865+03
35	pbkdf2_sha256$720000$QM1Jsj5e6nEjyxXkz8z5qc$CKtkl2xNiqqPTWrzrXk2W+yEp5tnXTyK01bsiKPOu2w=	2024-03-01 16:57:15.861616+03	f	noufm			n@gmail.com	f	t	2024-03-01 16:57:13.411405+03
43	pbkdf2_sha256$720000$x5VpW5Pw1Zn1nftnQPCO4O$ZN7HbK1CNEzaLhoW/+y4/smH/aVeU0SolGqlhusHysY=	2024-03-04 15:03:18.3338+03	f	sultan			su@gmail.com	f	t	2024-03-04 15:03:16.073779+03
30	pbkdf2_sha256$720000$iQqRB6cHgiWmxpDsYRTZIy$eY4nzCpqHde9PQV0NpeOaNfSbjjA091WFcidKARkFPw=	2024-02-29 15:17:37.624032+03	f	h			hw@gmail.com	f	t	2024-02-29 15:17:34.872137+03
46	pbkdf2_sha256$720000$Izt8cEMoZ445iIlXTdItUA$AB4CMshb9948rZcJW9mUPOL65BO1K0sjImFndahTuug=	2024-03-04 15:08:20.050649+03	f	نوف ف			l@gmail.com	f	t	2024-03-04 15:07:54.937835+03
36	pbkdf2_sha256$720000$DjbeIeI3YYd8kc7Kq3pGBM$xsUCiwkrP/b1Rb8mvpzLmhCUqtpZ/tI9x3rRBuzpgW4=	2024-03-03 14:53:56.701728+03	f	مها			mh@gmail.com	f	t	2024-03-03 14:53:29.229792+03
38	pbkdf2_sha256$720000$i2KA7lC8FhS9eyMFkMEFGY$hIPxZTJa6QvyEcvIBFDuVrCCkoZ3h+DAibe2B5W9THY=	\N	f	no			hp@gmail.com	f	t	2024-03-04 00:54:15.416376+03
39	pbkdf2_sha256$720000$L3cRJaOTPmlyjblbjcyqrW$aaDjzxBIJBne+u+zILXt/dqbvq161cnwVDvsUH5R4I8=	\N	f	uuu			uuu@gmail.com	f	t	2024-03-04 01:03:14.197315+03
40	pbkdf2_sha256$720000$ICSbkRQiH2PMEK1Wkw1mXc$p0UPyeNQQzg2bYG2INoHScGqxR35+Ty1aQsJzEzte1Y=	\N	f	jjk			j@gmail.com	f	t	2024-03-04 08:49:16.851941+03
44	pbkdf2_sha256$720000$wQ0OvwanjITeuyTLfEuuwa$+jwaHYs9PVlekhB2IROiNoj0nkFZifE2rp1JkDaHISY=	2024-03-04 15:04:39.454663+03	f	sultanA			sua@gmail.com	f	t	2024-03-04 15:04:36.92627+03
49	pbkdf2_sha256$720000$leBp6ItENLTjNyMQyp199U$8p33P0NVxDyp1iWzwU4OxKF6cYewSXjqy9Hso76nc18=	2024-03-04 19:48:44.584388+03	f	alanoodmma			a@gmail.com	f	t	2024-03-04 19:48:43.695491+03
45	pbkdf2_sha256$720000$4MlcQAryAcAluYnotl4JkY$GFWOnE7piwk1dAPdWLXs8ZzheCLvr3eGM6S2DFmchyQ=	2024-03-04 15:07:10.289346+03	f	نوره ع			no@gmail.com	f	t	2024-03-04 15:06:42.333187+03
47	pbkdf2_sha256$720000$XYKQs6D4p6G1aUetO65S3T$XAqPF69Unsb4N1lrDEqD1SW6anseiLMyMwi7s6XkDsA=	2024-03-04 17:54:04.930665+03	f	abdullah			abdullah@gmail.com	f	t	2024-03-04 17:54:04.02973+03
48	pbkdf2_sha256$720000$9rXQXIZO8gN44kTIgXxWsk$9OdyjkjPP3kuoWJ20OB8Mc6mMLW3oLePUWHXZyOfgzY=	2024-03-04 19:42:03.154278+03	f	alanoodma			a@gmail.com	f	t	2024-03-04 19:42:02.254801+03
52	pbkdf2_sha256$720000$5Dw6fxwlDLBrtAZennNoqC$auShgm1YMmhFRXnrMP/bAplzZwiIL3k0AeE4CEG48hU=	2024-03-05 11:08:25.228025+03	f	هيا			h@gmail.com	f	t	2024-03-05 11:08:22.683505+03
50	pbkdf2_sha256$720000$7KzUOAMZkiVH3jEpEurYKX$us1cSgpOsZKXvvOFJ0OuHTuQ+2re2wv4u2Io1KxsaqY=	2024-03-05 03:07:24.72579+03	f	abdu			ab@gmail.com	f	t	2024-03-05 03:07:22.087984+03
51	pbkdf2_sha256$720000$3OpIXzMvy42qfJ7AulbQSP$FumbnjlCAarn2jTdvXQNUi+wnVtwxPeEoe+Vkm8K5VU=	2024-03-05 09:08:45.913088+03	f	خالد			k@gmail.com	f	t	2024-03-05 09:08:43.638316+03
53	pbkdf2_sha256$720000$7X0Z2RD1As2jN5MeDE41hd$3Y/lwUeRLWm+Fz+tul9wqzMeCAR6NHFfjTTKWq9Hk+I=	2024-03-05 11:43:07.097932+03	f	نجود			n@gmail.com	f	t	2024-03-05 11:43:04.509077+03
54	pbkdf2_sha256$720000$OizNgc6iGWcupI9ydUtmfN$HEPE69kv/9WoEQF0rOZbri4biOj4qh8BTorRkLpJCO4=	2024-03-05 11:44:17.761881+03	f	شيخه خ			a@gmail.com	f	t	2024-03-05 11:44:14.544604+03
55	pbkdf2_sha256$720000$wABnxYwVnx0er6vTx50hAz$bL+/1eBE/Ivb4fSF+RK4nnTsL86VTG414NRIatVUDEA=	2024-03-05 21:42:19.179267+03	f	alanoud m m			hp@gmail.com	f	t	2024-03-05 21:42:16.753769+03
56	pbkdf2_sha256$720000$HtCO2MhbotmL8accTs6o5m$2E3o6OdY55u93EnUOmMJcQwsdEnP2W/Qdh3pu/zYZIA=	2024-03-05 22:09:19.1228+03	f	nouf m m			s@gmail.com	f	t	2024-03-05 22:09:17.389681+03
17	pbkdf2_sha256$720000$BDf9l3jodmhE3O49kHSx76$+pKg4zqjRyE1DMa1qIZGWvelBNNVD+bwprlKAlRwlco=	2024-03-22 06:02:40.452056+03	f	شيخه			s@gmail.com	f	t	2024-02-28 18:04:38.73433+03
57	pbkdf2_sha256$720000$NnzHrvZ8hpGX5eJpHRTmht$WzYAMQKX934Zd7Q8inhbYOuC7ALp3KXWHAgyU4lFxiA=	2024-03-06 02:19:06.882502+03	f	saleh			s@gmail.com	f	t	2024-03-05 23:12:06.509444+03
9	pbkdf2_sha256$720000$zFd3mn8OefySJ2kDr6wgf4$MO11RYdK5jd5zVnqIGFFlSfCSslrnrK8UFetO5vehKw=	2024-02-27 19:50:29.966019+03	f	lahj			l@gmail.com	f	t	2024-02-27 19:50:27.429696+03
58	pbkdf2_sha256$720000$s1nGYqYuLdDIGAFEzPV5v9$/pQsaqSnCpzvpHSfFiDrGHJS2kTpQm1z9XKiy7n0gls=	2024-03-06 01:22:22.6341+03	f	sma			s@gmail.com	f	t	2024-03-06 01:22:21.754577+03
59	pbkdf2_sha256$720000$rxQYu34QvEgoEf7tAHMSI3$o9IM8ix6cnlL9uJmd7/zgAzrRTC6ztcnT/Lx3Bd6yE0=	2024-03-06 01:23:05.598843+03	f	سما			hp@gmail.com	f	t	2024-03-06 01:23:04.685682+03
70	pbkdf2_sha256$720000$gWIUnrv7sv1TUkDmG3hR9e$juhkuKAlKw6dgNNPS0hLYBgLMMmV0CTE+8EqZwMnGY8=	2024-03-14 00:32:20.358118+03	t	lahjAdmin				t	t	2024-03-13 03:11:45.703353+03
60	pbkdf2_sha256$720000$2tfhh5YPksc9BQ9ebcYaDn$H4crjHQidxriAJC4XaUNoCYqilr+i7fkJQOxQDfuROA=	2024-03-06 01:24:42.389733+03	f	smaa			s@gmail.com	f	t	2024-03-06 01:24:08.747487+03
62	pbkdf2_sha256$720000$tHpSyPChBO7QXoWs3ZnY7Z$dvX6gjWU3duv6f4indg2comYKb2b4cuy2qZEBrKd078=	2024-03-06 01:37:09.724079+03	f	alanoodoo			hp@gmail.com	f	t	2024-03-06 01:37:08.850006+03
63	pbkdf2_sha256$720000$UjcXKijzJBeIPx2bnw3yyI$rhQTHCCklUvuC06eGG48XMDsEp8i1T6eFz9peZI1Bc4=	2024-03-06 01:38:41.286272+03	f	alanoodo			hp@gmail.com	f	t	2024-03-06 01:38:40.368663+03
71	pbkdf2_sha256$720000$YQJOsisFP2pkreJKuTIL8l$VgSI0inYRbHFyifAqt7W3M7UpH0MzRrS4+FwASEaE84=	2024-03-14 01:39:47.214294+03	f	khaled saad			khaled@gmail.com	f	t	2024-03-13 22:01:02.555514+03
64	pbkdf2_sha256$720000$9XwQCf9SGZpzCHbTfw3D9w$cz2EKFQGj/1MioUXnjpdMPVJQM1EFohfJpPuuGGR/II=	2024-03-06 02:13:16.657809+03	f	سعود			s@gmail.com	f	t	2024-03-06 02:12:30.401217+03
65	pbkdf2_sha256$720000$6jMjdpoF9m2GVx75Vfh4SR$qG9ClNKR/ZcGHHCB9TqpS4kr3TCx4LSsVg91lwI/eLg=	2024-03-06 02:14:07.039281+03	f	فهد			r@gmail.com	f	t	2024-03-06 02:14:05.996741+03
66	pbkdf2_sha256$720000$3iSTERmKuezkbOafsmOUrb$468eRDS/7uGfZ1DfOtB3Q+O8Q69JuODrnRzINUBZfaA=	2024-03-06 02:19:51.464289+03	f	العنود			s@gmail.com	f	t	2024-03-06 02:19:50.5069+03
67	pbkdf2_sha256$720000$4IAxl7JXKZmEq89xdDnXhL$aOUSq1MSuUQR+svww/4jOBjqhf/fZvgIL3wXvvIBIK4=	2024-03-06 02:21:14.152052+03	f	سعد			s@gmail.com	f	t	2024-03-06 02:21:13.117738+03
68	pbkdf2_sha256$720000$331h6QFC1F4Eeo7VoZFYJY$+gfAJuYPo4s/788gx07KivtoL5BcPfa34vVOt11lxpc=	2024-03-12 02:12:55.592589+03	f	noufa			noufa@gmail.com	f	t	2024-03-12 02:12:52.3977+03
69	pbkdf2_sha256$720000$32H6ZPejI89BYx7RtNKvfR$zsPPFkuaXDdE7YGvukaYxi9QD324ElVZKnMo6dc7l+I=	2024-03-12 02:15:43.773232+03	f	noufo			hp@gmail.com	f	t	2024-03-12 02:15:02.012529+03
85	pbkdf2_sha256$720000$sf9fEYxNPhvBsqSZXFzIEN$GzI4PIs7j+VoI7gnMlnP97v4HlC9yR7WX86Fzz/8rb8=	2024-03-17 08:59:24.457029+03	f	العنود عمر			a@gmail.com	f	t	2024-03-17 07:46:55.403404+03
80	pbkdf2_sha256$720000$thKtTyua7FW5VxYl6qXX6S$/6M4qSLYqBe6KlmKPIg2esh2QkWxSI6EHESYDfWaXIM=	2024-03-16 04:23:50.545556+03	f	alanood m			a@gmail.com	f	t	2024-03-16 04:23:47.070187+03
90	pbkdf2_sha256$720000$iC0qd6LsVLK0WnLTfudsNg$P6mKbv3GfGQENv+ImVK1Uxx3ulJEdWgdYFTLQX3QxgE=	2024-03-20 22:53:20.748049+03	f	نوره محمد			n@gmail.com	f	t	2024-03-20 22:53:19.748703+03
72	pbkdf2_sha256$720000$JOck828U8L63ftuoGXAJKw$UpUBxNC8bpCsJ1SgXxnk3kuvzGK+FuhxvXH7gO3aAxQ=	2024-03-13 22:41:19.778402+03	f	sara ali			s@gmail.com	f	t	2024-03-13 22:41:18.148221+03
73	pbkdf2_sha256$720000$c4yyKyGgebWEWWd3ze9c38$kzgbIiWiEaKWAJdAhsS/pd9wxVPysDHqa1HZEd7zuw8=	2024-03-13 22:44:10.04759+03	f	محمد بن خالد			a@gmail.com	f	t	2024-03-13 22:44:08.051841+03
74	pbkdf2_sha256$720000$0jUocqx5PVGAujAHXRKo2A$V58cHzFgOFmBOdWSfaGthM5eC2N8wRlF6s5YPKIAk6o=	2024-03-13 22:48:25.528514+03	f	نوف بدر			s@gmail.com	f	t	2024-03-13 22:48:23.529139+03
75	pbkdf2_sha256$720000$Uv36hFtZEugvER82rJIWSF$ArtSMnHa1jImqZcUrLjv9BOsHfwtz6KCbu8Rwsi+iYA=	2024-03-13 22:49:51.218289+03	f	بندر بن عبدالله			b@gmail.com	f	t	2024-03-13 22:49:49.310449+03
76	pbkdf2_sha256$720000$nmN86ASqjGrZZgqdiGgDHs$NXlXT827HebjL+VANCE3PIoGSNOFsdphKGKdhmbYLC0=	2024-03-13 22:50:54.266156+03	f	نوره العمر			n@gmail.com	f	t	2024-03-13 22:50:52.433089+03
79	pbkdf2_sha256$720000$ZN63YapWVa8YDR84vGveGe$SPNHMK0+6iyBzpFzjuj2fmibBzqqE/JywH44ZGTBYJE=	2024-03-13 22:52:00.499025+03	f	نوره العمرو			n@gmail.com	f	t	2024-03-13 22:51:57.869706+03
81	pbkdf2_sha256$720000$9DhYyaIWhZqGSHHjpg4iRQ$XUiANnDtOo/dwoK3O8ta+/UQNCGMeweG7O/2bzNPvqY=	2024-03-16 04:36:12.294886+03	f	نوره العمري			n@gmail.com	f	t	2024-03-16 04:36:09.686103+03
82	pbkdf2_sha256$720000$5465pPnnwKgJPekSFo7kOu$TVfGwthaGmJnX4B3VkWmvNxpCxJTHPLN0Dxv8potydU=	2024-03-16 23:26:22.783568+03	f	alanood naser			n@gmail.com	f	t	2024-03-16 23:26:20.213122+03
83	pbkdf2_sha256$720000$twXYmqWOiolk3nLZBSHm9Q$93csi3G9AzyiR9QZ3ua0BK0GNELPJK28QbBHeEXXM1E=	2024-03-17 02:37:12.849388+03	f	nouf naser			n@gmail.com	f	t	2024-03-17 02:36:37.019453+03
94	pbkdf2_sha256$720000$g28ddF0JPmpli0rjLweFBD$obv23dMAQiNNKQjr8YW7iic9TmxYI0/88peNWAmnDbg=	2024-03-21 00:07:43.608358+03	f	سعد سعود			s@gmail.com	f	t	2024-03-21 00:07:40.946927+03
97	pbkdf2_sha256$720000$vDHSGpyCDoBw0saspQeAhE$Lth+HRYwWhx/uQ3AJmyDINMDVryY4bVXPVkrqNkiTdI=	2024-03-22 06:41:30.925143+03	f	عمر محمد			a@gmail.com	f	t	2024-03-22 06:40:17.613984+03
92	pbkdf2_sha256$720000$k6tFHDbK1tCGv3INj0KoF5$vb+qke9JaH0bS9onU3FzV41CnsBdpT8XrkyBQw/1j/c=	2024-03-20 23:07:13.594835+03	f	Nora Amr			n@gmail.com	f	t	2024-03-20 23:07:12.678012+03
87	pbkdf2_sha256$720000$8w7jo32aFAYWBA0S6v7pQI$6mlFMHkdYxU1YT3BZslCINiPRK0pU3eq+Cp+RFrylzM=	2024-03-19 01:51:16.126554+03	f	عبدالله سالم			s@gmail.com	f	t	2024-03-19 01:51:14.471214+03
95	pbkdf2_sha256$720000$AqFGHA22NU9hzrayzxHZFs$X63eYIKTjBNitV2TY9vFxJ9J/+3PkVNlxW9cISB0Uj8=	2024-03-21 04:03:32.791648+03	f	نوره سعود			n@gmail.com	f	t	2024-03-21 04:03:31.652598+03
88	pbkdf2_sha256$720000$FKN3H3ewYV7Xb4KiRvi6jV$Bj5JHo3/+zx1dzUmAZ1MczDAdjFrOyasnDHyi4s/qEA=	2024-03-19 01:53:08.198183+03	f	alanood abdu			a@gmail.com	f	t	2024-03-19 01:53:06.465825+03
89	pbkdf2_sha256$720000$wGgh8nuKxm1sfvcndCPjMy$dE7/L2RG2oCW3ds+plPqgeAFkKernmP/AXto6mkBNQw=	2024-03-19 01:55:17.278963+03	f	ساره ع			s@gmail.com	f	t	2024-03-19 01:54:53.595164+03
84	pbkdf2_sha256$720000$WTxDP0vU55j6xk0qJRm7Xv$Az3yoU6X5lhn8cxg1rPbDbhX4mdKmxkVZWRbWNpNgJc=	2024-03-20 02:23:59.152739+03	f	خالد عبدالله			khaled@gmail.com	f	t	2024-03-17 07:40:24.700665+03
93	pbkdf2_sha256$720000$5zbURQ0XOiTSx4wgyNKevS$9fir+SvP8bdufymZJEydMg0zaQ4vFp36LrPGm2fmcqg=	2024-03-20 23:15:53.710649+03	f	نوره سعد			n@gmail.com	f	t	2024-03-20 23:15:51.29804+03
96	pbkdf2_sha256$720000$n9ZTCwlWPQm903EHm6AFJl$2+BFKtw2uZWq8/NMhz8ZkGaVD+xfMRQ5qPJW197Fxl4=	2024-03-22 04:58:40.910038+03	f	لمى			l@gmail.com	f	t	2024-03-22 04:58:38.26902+03
86	pbkdf2_sha256$720000$m4ulXCWt9oaT1AVzn97dDw$fL0+1Gl86tBpIfIPnGALIMMlTMBwFtK75+6H7R9ePnc=	2024-03-22 05:56:38.244785+03	t	lahjadmin1				t	t	2024-03-17 08:28:56.888024+03
91	pbkdf2_sha256$720000$XphsMxTQkwZo5upGFKscC2$nST7QspschM6E1K/NWlt1L4AQGKJjaJ3otYYN8R/oN8=	2024-03-24 00:36:09.02227+03	f	Nora khaled			Nora@gmail.com	f	t	2024-03-20 22:58:28.795844+03
98	pbkdf2_sha256$720000$UQLuEDUdokrl4mLgFl92i1$8zxrgRqzezN9rbpj70vrXxZfRaApf27xJQ6Sju+maxQ=	2024-03-22 06:43:49.266423+03	f	عمر سعد			a@gmail.com	f	t	2024-03-22 06:42:19.418732+03
\.


--
-- Data for Name: auth_user_groups; Type: TABLE DATA; Schema: public; Owner: postgres
--

COPY public.auth_user_groups (id, user_id, group_id) FROM stdin;
\.


--
-- Data for Name: auth_user_user_permissions; Type: TABLE DATA; Schema: public; Owner: postgres
--

COPY public.auth_user_user_permissions (id, user_id, permission_id) FROM stdin;
\.


--
-- Data for Name: django_admin_log; Type: TABLE DATA; Schema: public; Owner: postgres
--

COPY public.django_admin_log (id, action_time, object_id, object_repr, action_flag, change_message, content_type_id, user_id) FROM stdin;
1	2024-03-13 03:21:58.130901+03	1	majdyah	1	[{"added": {}}]	15	70
2	2024-03-13 22:21:39.560328+03	2	Roshen	1	[{"added": {}}]	15	70
3	2024-03-13 22:26:01.398222+03	1	majdyah	3		15	70
4	2024-03-13 22:28:58.470249+03	18	Professional object (18)	3		9	70
5	2024-03-13 22:28:58.504495+03	17	Professional object (17)	3		9	70
6	2024-03-13 22:28:58.507083+03	16	Professional object (16)	3		9	70
7	2024-03-13 22:28:58.509953+03	15	Professional object (15)	3		9	70
8	2024-03-13 22:28:58.513004+03	14	Professional object (14)	3		9	70
9	2024-03-13 22:28:58.515435+03	13	Professional object (13)	3		9	70
10	2024-03-13 22:28:58.518494+03	12	Professional object (12)	3		9	70
11	2024-03-13 22:28:58.520444+03	11	Professional object (11)	3		9	70
12	2024-03-13 22:28:58.522436+03	10	Professional object (10)	3		9	70
13	2024-03-13 22:28:58.524074+03	9	Professional object (9)	3		9	70
14	2024-03-13 22:28:58.527097+03	8	Professional object (8)	3		9	70
15	2024-03-13 22:28:58.529089+03	7	Professional object (7)	3		9	70
16	2024-03-13 22:28:58.531682+03	6	Professional object (6)	3		9	70
17	2024-03-13 22:28:58.534297+03	5	Professional object (5)	3		9	70
18	2024-03-13 22:28:58.536311+03	4	Professional object (4)	3		9	70
19	2024-03-13 22:28:58.538374+03	3	Professional object (3)	3		9	70
20	2024-03-13 22:28:58.540333+03	2	Professional object (2)	3		9	70
21	2024-03-13 22:28:58.542364+03	1	Professional object (1)	3		9	70
22	2024-03-13 22:45:26.699522+03	3	الماجدية	1	[{"added": {}}]	15	70
23	2024-03-13 22:46:19.506885+03	4	روشن	1	[{"added": {}}]	15	70
24	2024-03-13 22:52:43.782509+03	5	تصميم خاص	1	[{"added": {}}]	15	70
25	2024-03-13 22:53:13.315625+03	6	تصميم خاص	1	[{"added": {}}]	15	70
26	2024-03-13 22:53:36.722161+03	7	تصميم خاص	1	[{"added": {}}]	15	70
27	2024-03-13 22:54:21.822318+03	8	تصميم خاص	1	[{"added": {}}]	15	70
28	2024-03-13 23:15:57.115152+03	8	تصميم خاص	3		15	70
29	2024-03-17 07:02:30.409241+03	19	PreviousWork object (19)	3		15	70
30	2024-03-17 07:03:14.822141+03	18	PreviousWork object (18)	3		15	70
31	2024-03-17 08:31:44.138764+03	35	PreviousWork object (35)	3		15	86
32	2024-03-17 08:31:44.172872+03	34	PreviousWork object (34)	3		15	86
33	2024-03-17 08:31:44.175027+03	33	PreviousWork object (33)	3		15	86
34	2024-03-17 08:31:44.176602+03	32	PreviousWork object (32)	3		15	86
35	2024-03-17 08:32:42.616621+03	31	PreviousWork object (31)	3		15	86
36	2024-03-17 08:32:42.650424+03	30	PreviousWork object (30)	3		15	86
37	2024-03-17 08:32:42.652419+03	29	PreviousWork object (29)	3		15	86
38	2024-03-17 08:32:42.654408+03	28	PreviousWork object (28)	3		15	86
39	2024-03-17 08:32:42.656362+03	27	PreviousWork object (27)	3		15	86
40	2024-03-17 08:32:42.665688+03	26	PreviousWork object (26)	3		15	86
41	2024-03-17 08:32:42.668596+03	25	PreviousWork object (25)	3		15	86
42	2024-03-17 08:32:42.669591+03	24	PreviousWork object (24)	3		15	86
43	2024-03-17 08:32:42.672594+03	23	PreviousWork object (23)	3		15	86
44	2024-03-17 08:32:42.675101+03	22	PreviousWork object (22)	3		15	86
45	2024-03-17 08:32:42.678538+03	21	PreviousWork object (21)	3		15	86
46	2024-03-17 08:32:42.680557+03	20	PreviousWork object (20)	3		15	86
47	2024-03-17 08:32:42.683555+03	17	PreviousWork object (17)	3		15	86
48	2024-03-17 08:33:16.902199+03	7	PreviousWork object (7)	3		15	86
49	2024-03-17 08:33:16.93813+03	6	PreviousWork object (6)	3		15	86
50	2024-03-17 08:33:16.941063+03	5	PreviousWork object (5)	3		15	86
51	2024-03-17 08:33:16.94662+03	4	PreviousWork object (4)	3		15	86
52	2024-03-17 08:33:16.949683+03	3	PreviousWork object (3)	3		15	86
53	2024-03-17 08:33:16.962065+03	2	PreviousWork object (2)	3		15	86
54	2024-03-17 08:48:33.928066+03	36	PreviousWork object (36)	3		15	86
55	2024-03-19 01:25:56.299581+03	61	roshen	3		15	86
56	2024-03-19 01:25:56.307698+03	60	roshen	3		15	86
57	2024-03-19 01:25:56.309831+03	57	roshen	3		15	86
58	2024-03-19 01:25:56.312836+03	48	roshen	3		15	86
59	2024-03-19 01:25:56.314907+03	47	roshen	3		15	86
60	2024-03-19 01:25:56.318304+03	46	roshen	3		15	86
61	2024-03-19 01:25:56.321309+03	44	roshen	3		15	86
62	2024-03-19 01:25:56.323304+03	43	roshen	3		15	86
63	2024-03-19 01:25:56.325305+03	42	roshen	3		15	86
64	2024-03-19 01:25:56.327302+03	41	roshen	3		15	86
65	2024-03-19 01:25:56.329306+03	40	roshen	3		15	86
66	2024-03-19 01:26:18.811138+03	39	roshen	3		15	86
67	2024-03-19 01:39:08.633464+03	67	روشن	3		15	86
68	2024-03-19 01:39:08.641892+03	66	روشن	3		15	86
69	2024-03-19 01:39:08.644825+03	65	الماجدية	3		15	86
70	2024-03-19 01:39:08.647827+03	64	روشن	3		15	86
71	2024-03-19 01:39:08.650848+03	63	الماجدية	3		15	86
72	2024-03-19 01:39:24.088688+03	62	roshen	3		15	86
73	2024-03-19 01:48:26.152708+03	69	الماجدية	3		15	86
74	2024-03-19 01:48:26.193649+03	68	روشن	3		15	86
75	2024-03-24 01:25:42.9431+03	73	ProjectImage object (73)	1	[{"added": {}}]	18	86
76	2024-03-24 01:25:58.014385+03	74	ProjectImage object (74)	1	[{"added": {}}]	18	86
77	2024-03-24 01:26:15.60859+03	75	ProjectImage object (75)	1	[{"added": {}}]	18	86
\.


--
-- Data for Name: django_content_type; Type: TABLE DATA; Schema: public; Owner: postgres
--

COPY public.django_content_type (id, app_label, model) FROM stdin;
1	admin	logentry
2	auth	permission
3	auth	group
4	auth	user
5	contenttypes	contenttype
6	sessions	session
7	home	homeowner
8	home	message
9	home	professional
10	home	orderrequest
11	home	order
12	home	professionalphoto
13	home	quote
14	home	userprofile
15	home	previouswork
16	home	wishlist
17	home	previousworkimage
18	home	projectimage
\.


--
-- Data for Name: django_migrations; Type: TABLE DATA; Schema: public; Owner: postgres
--

COPY public.django_migrations (id, app, name, applied) FROM stdin;
1	contenttypes	0001_initial	2024-02-25 16:22:06.07961+03
2	auth	0001_initial	2024-02-25 16:22:06.254288+03
3	admin	0001_initial	2024-02-25 16:22:06.291186+03
4	admin	0002_logentry_remove_auto_add	2024-02-25 16:22:06.301186+03
5	admin	0003_logentry_add_action_flag_choices	2024-02-25 16:22:06.309185+03
6	contenttypes	0002_remove_content_type_name	2024-02-25 16:22:06.327645+03
7	auth	0002_alter_permission_name_max_length	2024-02-25 16:22:06.337815+03
8	auth	0003_alter_user_email_max_length	2024-02-25 16:22:06.34382+03
9	auth	0004_alter_user_username_opts	2024-02-25 16:22:06.351818+03
10	auth	0005_alter_user_last_login_null	2024-02-25 16:22:06.358852+03
11	auth	0006_require_contenttypes_0002	2024-02-25 16:22:06.359862+03
12	auth	0007_alter_validators_add_error_messages	2024-02-25 16:22:06.368895+03
13	auth	0008_alter_user_username_max_length	2024-02-25 16:22:06.385997+03
14	auth	0009_alter_user_last_name_max_length	2024-02-25 16:22:06.392032+03
15	auth	0010_alter_group_name_max_length	2024-02-25 16:22:06.401572+03
16	auth	0011_update_proxy_permissions	2024-02-25 16:22:06.407561+03
17	auth	0012_alter_user_first_name_max_length	2024-02-25 16:22:06.418558+03
18	home	0001_initial	2024-02-25 16:22:06.701816+03
19	home	0002_userprofile	2024-02-25 16:22:06.718416+03
20	home	0003_delete_userprofile	2024-02-25 16:22:06.724049+03
21	sessions	0001_initial	2024-02-25 16:22:06.758149+03
22	home	0004_remove_quote_order_request_and_more	2024-02-27 17:07:12.196259+03
23	home	0005_remove_professional_user_homeowner_user_profile_and_more	2024-02-28 20:43:45.969011+03
24	home	0006_remove_userprofile_email_remove_userprofile_name_and_more	2024-02-29 13:46:51.42963+03
25	home	0007_remove_homeowner_user_profile_professional_user_and_more	2024-02-29 14:04:25.71472+03
26	home	0008_remove_professional_user_profile_and_more	2024-03-04 00:47:10.511873+03
27	home	0009_alter_professional_previous_work_and_more	2024-03-04 09:31:58.666538+03
28	home	0010_remove_userprofile_name	2024-03-04 15:00:55.246587+03
29	home	0011_homeowner_photo	2024-03-04 17:01:46.547872+03
30	home	0012_professional_photo_professional_user_profile	2024-03-05 23:10:50.57166+03
31	home	0013_previouswork	2024-03-12 02:37:20.491805+03
32	home	0014_wishlist	2024-03-12 23:16:46.553711+03
33	home	0015_remove_professional_previous_work_and_more	2024-03-14 01:38:30.112489+03
34	home	0016_professional_previous_work_and_more	2024-03-15 00:50:38.419544+03
35	home	0017_previousworkimage	2024-03-15 02:04:43.004851+03
36	home	0018_alter_previousworkimage_previous_work	2024-03-15 02:37:49.01014+03
37	home	0019_remove_previouswork_image	2024-03-15 23:44:48.694437+03
38	home	0020_projectimage_delete_previousworkimage	2024-03-17 00:25:54.016472+03
39	home	0021_previouswork_products_used_and_more	2024-03-18 02:43:48.377789+03
40	home	0022_projectimage_professional_name_and_more	2024-03-20 02:22:22.596253+03
41	home	0023_remove_projectimage_professional_name_and_more	2024-03-20 21:03:35.575045+03
\.


--
-- Data for Name: django_session; Type: TABLE DATA; Schema: public; Owner: postgres
--

COPY public.django_session (session_key, session_data, expire_date) FROM stdin;
nibwa7k5gkumw925kd9fxzkjyuhlj4ry	.eJxVjDEOwjAMRe-SGUUmJDFhZOcMkR0bUkCp1LQT4u5QqQOs_733XybTMte8dJ3yIOZkotn9bkzloW0Fcqd2G20Z2zwNbFfFbrTbyyj6PG_u30GlXr81HckhcDpwVE0o3geApLpXcS4yiFBMVBxSCp4C-1CuSFgiAQIqm_cH8bM4Xw:1rf01q:hzHRt7bev-j6vUoaCzF0O4T6-4wk4ZZ5cKYYsMqvBnk	2024-03-12 19:10:02.141076+03
d99p447cxpaukzyyz4vrj1sbbjbw89ls	.eJxVjEEOwiAQRe_C2hCBUgaX7nsGMsCMVA0kpV0Z765NutDtf-_9lwi4rSVsnZYwZ3ERMIrT7xgxPajuJN-x3ppMra7LHOWuyIN2ObVMz-vh_h0U7OVb82gsM2s7WHYqAusUPVHCQSGcdTIua-tgSN55ZGeUQSKOkBk9Q9bi_QEoNTkb:1rnV5C:l_MiBwtVFrZJuH5NoEjMc2YPMdcOp_E3V18gidmmbRo	2024-04-05 05:56:38.249259+03
6z80jh55vp13kojzgavxvp7htbiqsus6	.eJxVjDsOwjAQBe_iGlkbfzElPWew1rsLDiBHipMKcXeIlALaNzPvpTKuS81rlzmPrE4qBnX4HQvSQ9pG-I7tNmma2jKPRW-K3mnXl4nled7dv4OKvX7rIxjvIIUBgJKYiMHZEAlsAgORkr-KTYXJCXFk4wWCAKEzSNYP3qv3B9czNz0:1rkUco:IBmjJZ3QhLwMLNFMPCEktD4wplSc11AqU3v_Twnq46Y	2024-03-27 22:50:54.26715+03
skwthavjdzy1qsfbdg4q072g7b5vmlv0	e30:1rn200:Y_UqPAMB2iUFPVqeAqUtueLXSuwYHuP4ST4QLvtUxyM	2024-04-03 22:53:20.745025+03
6ulawaisosvnjshamszr3hbc03nr4skw	e30:1rn27D:uMQB7-FFsVC-ezQFWk81sHxcQ8eSTq8waaRZWYtecZA	2024-04-03 23:00:47.882647+03
l4j8u411efqqpabnpiabxr71amt617v8	.eJxVjMsOgjAQRf-la9MAHftw6Z5vIHc6raCmJBRWxn9XEha6veec-1IDtnUctpqWYRJ1UcGo0-_IiI9UdiJ3lNus41zWZWK9K_qgVfezpOf1cP8ORtTxWyOIUBQkdIY8TGzQkfdOyHIbrXAOZ5-5y-RaS4BrPTcAGYPobCb1_gAw_Ti_:1rn2Lp:vLmC-wFqy-pW8MmLEDV1k-RzedZ3-oE3bYOfmHmhCCA	2024-04-03 23:15:53.714648+03
lq18cm29hp89lo45aqvxrzzplbxc3v1g	e30:1rfMdK:dBoLWhjjX8BKfA1QdJdlJR79cd5I-VpCkxKQTxfbX9E	2024-03-13 19:18:14.545489+03
5v8lenugu2sudfpkyk5iw7hybx9gy7jb	.eJxVjEsOwjAMBe-SNYqcjyPCkj1niOzYpQXUSP2sKu4OlbqA7ZuZt5lC69KXddapDGIuJkRz-h2Z6lPHnciDxnuztY3LNLDdFXvQ2d6a6Ot6uH8HPc39t2anlNCpl6geHCRBJokCkpVj6hAZKHKG1EEXz96BVsaaQwBUrNW8PxncOHQ:1rg3KG:bzxiBPOyuLgPLX1LR5EKFA7sSAlH6L6PwuRCQe2o5wE	2024-03-15 16:53:24.262589+03
g4r3ky2c0gg8xs2t01te92kz8ak8zini	.eJxVjMsOwiAQRf-FtSFAZyi4dO83kBkeUjU0Ke3K-O_apAvd3nPOfYlA21rD1vMSpiTOwoE4_Y5M8ZHbTtKd2m2WcW7rMrHcFXnQLq9zys_L4f4dVOr1W3tiLs4gYLKEiZBtNhHMAIXZOsWjzlZBZOtRF4fajABDdFl5z55AvD8Xrjfi:1rm0BG:mi688T2GP3uF1F3QXDeVVeLKQ1N9N2eqW6ogv_qEy8k	2024-04-01 02:44:42.640022+03
\.


--
-- Data for Name: home_homeowner; Type: TABLE DATA; Schema: public; Owner: postgres
--

COPY public.home_homeowner (id, user_id, address, phone, photo) FROM stdin;
1	1		\N	\N
2	4		\N	\N
3	16		\N	\N
5	18		\N	\N
6	19		\N	\N
7	20		\N	\N
8	21		\N	\N
9	27		\N	\N
10	30		\N	\N
11	31		\N	\N
12	32		\N	\N
13	33		\N	\N
14	34		\N	\N
15	35		\N	\N
16	36		\N	\N
17	42		\N	\N
18	43		\N	\N
19	46		\N	\N
20	52		\N	homeowner_photos/HEADER_liYAt2N.PNG
21	53		\N	
22	55		\N	homeowner_photos/HEADER_cA54gr0.PNG
23	59		\N	homeowner_photos/LOGO-LAHJ_ljsdgi0.png
24	60	riad	8888	homeowner_photos/between_HW3ok1n.PNG
25	62	riad	8888	homeowner_photos/feature1_LLxCt63.png
26	65	kj	kj	homeowner_photos/ksu_logo.png
27	66	kj	05066	homeowner_photos/feature1_6m6oLBs.png
28	68	riad	8888	
29	85		\N	homeowner_photos/profile1.jpg
30	88		\N	
31	89		\N	
32	92		\N	
33	93		\N	
4	17	riad	0508899000	homeowner_photos/profile_l2bvKSi.jpg
34	97	riyadh	0555555556	homeowner_photos/profile1_uiqJcYX.jpg
\.


--
-- Data for Name: home_message; Type: TABLE DATA; Schema: public; Owner: postgres
--

COPY public.home_message (id, content, date, recipient_id, sender_id) FROM stdin;
\.


--
-- Data for Name: home_order; Type: TABLE DATA; Schema: public; Owner: postgres
--

COPY public.home_order (id, status, homeowner_id, professional_id, budget, project_description) FROM stdin;
\.


--
-- Data for Name: home_previouswork; Type: TABLE DATA; Schema: public; Owner: postgres
--

COPY public.home_previouswork (id, project_name, location, description, professional_id, products_used) FROM stdin;
9	Project Name	Location	Description	28	
10	Project Name	Location	Description	28	
11	Project Name	Location	Description	28	
12	Project Name	Location	Description	28	
13	Project Name	Location	Description	28	
14	Project Name	Location	Description	28	
15	Project Name	Location	Description	28	
16	Project Name	Location	Description	28	
72	الماجدية	الرياض	-	30	abyat
74	روشن	الرياض	-	30	ايكيا
75	روشن	الرياض	-	30	ايكيا
77	حطين	الرياض	-	35	ايكيا
\.


--
-- Data for Name: home_professional; Type: TABLE DATA; Schema: public; Owner: postgres
--

COPY public.home_professional (id, address, bio, job, phone, user_id, photo, user_profile_id, previous_work) FROM stdin;
34	riyadh	interior design	Interior-designer	0555555556	94		\N	previous_work/pro3_ioNCCI3.jpg
35	riyadh	interior design	Interior-designer	0555555556	95		\N	previous_work/pro4_aUZHIuL.jpg
36	riyadh	-	interior	0555555556	96	professional_photos/profile1_AZKxMyy.jpg	\N	previous_work/pro6_sRBJmNh.jpg
20	riyadh	مهندسة معمارية بخبرة 9	architect	0555555559	72		\N	\N
21	riyadh	مصمم داخلي	Interior-designer	0555555558	73		\N	\N
22	riyadh	مهندسة معمارية	architect	0555555557	74		\N	\N
23	riyadh	na	Interior-designer	0555555556	75		\N	\N
24	riyadh	-	Interior-designer	0555555556	76		\N	\N
25	riyadh	-	Interior-designer	0555555556	79		\N	\N
33	riyadh	-	interior	0555555556	91	professional_photos/profile_IVBiWON.jpg	\N	
19	riyadh	interior designer with 8y experience	Interior-designer	0508899008	71		\N	
26	riyadh	interior design	Interior-designer	0555555566	80		\N	previous_work/pro1_t73pXn5.jpg
27	riyadh	interior design	Interior-designer	0555555999	81		\N	previous_work/pro6_exgjOzX.jpg
28	riyadh	interior design	Interior-designer	0555555576	82	professional_photos/profile1.jpg	\N	previous_work/pro5_J72LTqo.jpg
29	riyadh	interior design	Interior-designer	0555555777	83		\N	previous_work/pro4_2U400YF.jpg
30	riyadh	interior design	Interior-designer	0555555888	84	professional_photos/profile1_PgfRlJn.jpg	\N	previous_work/pro2_hVL05fK.jpg
31	riyadh	interior design	Interior-designer	0555555550	87	professional_photos/profile1_Z48qLGk.jpg	\N	previous_work/pro1_33dxaBp.jpg
32	riyadh	interior design	architect	0555555556	90		\N	previous_work/pro1_pzQNsAV.jpg
37	riyadh	-	interior	0555555556	98		\N	previous_work/pro6_pWGlbqM.jpg
\.


--
-- Data for Name: home_projectimage; Type: TABLE DATA; Schema: public; Owner: postgres
--

COPY public.home_projectimage (id, image, project_id) FROM stdin;
1	project_images/pro6.jpg	9
2	project_images/pro5.jpg	10
3	project_images/pro4.jpg	11
4	project_images/pro2.jpg	12
5	project_images/pro3.jpg	13
6	project_images/pro6_G0Zyk1V.jpg	14
7	project_images/pro5_8iIlTmk.jpg	15
8	project_images/pro6_2rzYwmC.jpg	16
73	project_images/pro1_uZ9iWi0.jpg	77
74	project_images/pro2_eGXncJA.jpg	75
75	project_images/pro3_6L8CICg.jpg	74
58	project_images/pro2_501hC9P.jpg	72
60	project_images/pro5_gwtgdM8.jpg	74
61	project_images/pro6_OGGBUPL.jpg	75
63	project_images/pro6_f8eTwmT.jpg	77
\.


--
-- Data for Name: home_quote; Type: TABLE DATA; Schema: public; Owner: postgres
--

COPY public.home_quote (id, cost, terms, professional_id, order_id) FROM stdin;
\.


--
-- Data for Name: home_userprofile; Type: TABLE DATA; Schema: public; Owner: postgres
--

COPY public.home_userprofile (id, phone, address, user_id, email, password) FROM stdin;
\.


--
-- Data for Name: home_wishlist; Type: TABLE DATA; Schema: public; Owner: postgres
--

COPY public.home_wishlist (id, homeowner_id, previous_work_id) FROM stdin;
\.


--
-- Name: auth_group_id_seq; Type: SEQUENCE SET; Schema: public; Owner: postgres
--

SELECT pg_catalog.setval('public.auth_group_id_seq', 1, false);


--
-- Name: auth_group_permissions_id_seq; Type: SEQUENCE SET; Schema: public; Owner: postgres
--

SELECT pg_catalog.setval('public.auth_group_permissions_id_seq', 1, false);


--
-- Name: auth_permission_id_seq; Type: SEQUENCE SET; Schema: public; Owner: postgres
--

SELECT pg_catalog.setval('public.auth_permission_id_seq', 72, true);


--
-- Name: auth_user_groups_id_seq; Type: SEQUENCE SET; Schema: public; Owner: postgres
--

SELECT pg_catalog.setval('public.auth_user_groups_id_seq', 1, false);


--
-- Name: auth_user_id_seq; Type: SEQUENCE SET; Schema: public; Owner: postgres
--

SELECT pg_catalog.setval('public.auth_user_id_seq', 98, true);


--
-- Name: auth_user_user_permissions_id_seq; Type: SEQUENCE SET; Schema: public; Owner: postgres
--

SELECT pg_catalog.setval('public.auth_user_user_permissions_id_seq', 1, false);


--
-- Name: django_admin_log_id_seq; Type: SEQUENCE SET; Schema: public; Owner: postgres
--

SELECT pg_catalog.setval('public.django_admin_log_id_seq', 77, true);


--
-- Name: django_content_type_id_seq; Type: SEQUENCE SET; Schema: public; Owner: postgres
--

SELECT pg_catalog.setval('public.django_content_type_id_seq', 18, true);


--
-- Name: django_migrations_id_seq; Type: SEQUENCE SET; Schema: public; Owner: postgres
--

SELECT pg_catalog.setval('public.django_migrations_id_seq', 41, true);


--
-- Name: home_homeowner_id_seq; Type: SEQUENCE SET; Schema: public; Owner: postgres
--

SELECT pg_catalog.setval('public.home_homeowner_id_seq', 34, true);


--
-- Name: home_message_id_seq; Type: SEQUENCE SET; Schema: public; Owner: postgres
--

SELECT pg_catalog.setval('public.home_message_id_seq', 1, false);


--
-- Name: home_order_id_seq; Type: SEQUENCE SET; Schema: public; Owner: postgres
--

SELECT pg_catalog.setval('public.home_order_id_seq', 1, false);


--
-- Name: home_previouswork_id_seq; Type: SEQUENCE SET; Schema: public; Owner: postgres
--

SELECT pg_catalog.setval('public.home_previouswork_id_seq', 86, true);


--
-- Name: home_professional_id_seq; Type: SEQUENCE SET; Schema: public; Owner: postgres
--

SELECT pg_catalog.setval('public.home_professional_id_seq', 37, true);


--
-- Name: home_projectimage_id_seq; Type: SEQUENCE SET; Schema: public; Owner: postgres
--

SELECT pg_catalog.setval('public.home_projectimage_id_seq', 75, true);


--
-- Name: home_quote_id_seq; Type: SEQUENCE SET; Schema: public; Owner: postgres
--

SELECT pg_catalog.setval('public.home_quote_id_seq', 1, false);


--
-- Name: home_userprofile_id_seq; Type: SEQUENCE SET; Schema: public; Owner: postgres
--

SELECT pg_catalog.setval('public.home_userprofile_id_seq', 1, true);


--
-- Name: home_wishlist_id_seq; Type: SEQUENCE SET; Schema: public; Owner: postgres
--

SELECT pg_catalog.setval('public.home_wishlist_id_seq', 1, false);


--
-- Name: auth_group auth_group_name_key; Type: CONSTRAINT; Schema: public; Owner: postgres
--

ALTER TABLE ONLY public.auth_group
    ADD CONSTRAINT auth_group_name_key UNIQUE (name);


--
-- Name: auth_group_permissions auth_group_permissions_group_id_permission_id_0cd325b0_uniq; Type: CONSTRAINT; Schema: public; Owner: postgres
--

ALTER TABLE ONLY public.auth_group_permissions
    ADD CONSTRAINT auth_group_permissions_group_id_permission_id_0cd325b0_uniq UNIQUE (group_id, permission_id);


--
-- Name: auth_group_permissions auth_group_permissions_pkey; Type: CONSTRAINT; Schema: public; Owner: postgres
--

ALTER TABLE ONLY public.auth_group_permissions
    ADD CONSTRAINT auth_group_permissions_pkey PRIMARY KEY (id);


--
-- Name: auth_group auth_group_pkey; Type: CONSTRAINT; Schema: public; Owner: postgres
--

ALTER TABLE ONLY public.auth_group
    ADD CONSTRAINT auth_group_pkey PRIMARY KEY (id);


--
-- Name: auth_permission auth_permission_content_type_id_codename_01ab375a_uniq; Type: CONSTRAINT; Schema: public; Owner: postgres
--

ALTER TABLE ONLY public.auth_permission
    ADD CONSTRAINT auth_permission_content_type_id_codename_01ab375a_uniq UNIQUE (content_type_id, codename);


--
-- Name: auth_permission auth_permission_pkey; Type: CONSTRAINT; Schema: public; Owner: postgres
--

ALTER TABLE ONLY public.auth_permission
    ADD CONSTRAINT auth_permission_pkey PRIMARY KEY (id);


--
-- Name: auth_user_groups auth_user_groups_pkey; Type: CONSTRAINT; Schema: public; Owner: postgres
--

ALTER TABLE ONLY public.auth_user_groups
    ADD CONSTRAINT auth_user_groups_pkey PRIMARY KEY (id);


--
-- Name: auth_user_groups auth_user_groups_user_id_group_id_94350c0c_uniq; Type: CONSTRAINT; Schema: public; Owner: postgres
--

ALTER TABLE ONLY public.auth_user_groups
    ADD CONSTRAINT auth_user_groups_user_id_group_id_94350c0c_uniq UNIQUE (user_id, group_id);


--
-- Name: auth_user auth_user_pkey; Type: CONSTRAINT; Schema: public; Owner: postgres
--

ALTER TABLE ONLY public.auth_user
    ADD CONSTRAINT auth_user_pkey PRIMARY KEY (id);


--
-- Name: auth_user_user_permissions auth_user_user_permissions_pkey; Type: CONSTRAINT; Schema: public; Owner: postgres
--

ALTER TABLE ONLY public.auth_user_user_permissions
    ADD CONSTRAINT auth_user_user_permissions_pkey PRIMARY KEY (id);


--
-- Name: auth_user_user_permissions auth_user_user_permissions_user_id_permission_id_14a6b632_uniq; Type: CONSTRAINT; Schema: public; Owner: postgres
--

ALTER TABLE ONLY public.auth_user_user_permissions
    ADD CONSTRAINT auth_user_user_permissions_user_id_permission_id_14a6b632_uniq UNIQUE (user_id, permission_id);


--
-- Name: auth_user auth_user_username_key; Type: CONSTRAINT; Schema: public; Owner: postgres
--

ALTER TABLE ONLY public.auth_user
    ADD CONSTRAINT auth_user_username_key UNIQUE (username);


--
-- Name: django_admin_log django_admin_log_pkey; Type: CONSTRAINT; Schema: public; Owner: postgres
--

ALTER TABLE ONLY public.django_admin_log
    ADD CONSTRAINT django_admin_log_pkey PRIMARY KEY (id);


--
-- Name: django_content_type django_content_type_app_label_model_76bd3d3b_uniq; Type: CONSTRAINT; Schema: public; Owner: postgres
--

ALTER TABLE ONLY public.django_content_type
    ADD CONSTRAINT django_content_type_app_label_model_76bd3d3b_uniq UNIQUE (app_label, model);


--
-- Name: django_content_type django_content_type_pkey; Type: CONSTRAINT; Schema: public; Owner: postgres
--

ALTER TABLE ONLY public.django_content_type
    ADD CONSTRAINT django_content_type_pkey PRIMARY KEY (id);


--
-- Name: django_migrations django_migrations_pkey; Type: CONSTRAINT; Schema: public; Owner: postgres
--

ALTER TABLE ONLY public.django_migrations
    ADD CONSTRAINT django_migrations_pkey PRIMARY KEY (id);


--
-- Name: django_session django_session_pkey; Type: CONSTRAINT; Schema: public; Owner: postgres
--

ALTER TABLE ONLY public.django_session
    ADD CONSTRAINT django_session_pkey PRIMARY KEY (session_key);


--
-- Name: home_homeowner home_homeowner_pkey; Type: CONSTRAINT; Schema: public; Owner: postgres
--

ALTER TABLE ONLY public.home_homeowner
    ADD CONSTRAINT home_homeowner_pkey PRIMARY KEY (id);


--
-- Name: home_homeowner home_homeowner_user_id_key; Type: CONSTRAINT; Schema: public; Owner: postgres
--

ALTER TABLE ONLY public.home_homeowner
    ADD CONSTRAINT home_homeowner_user_id_key UNIQUE (user_id);


--
-- Name: home_message home_message_pkey; Type: CONSTRAINT; Schema: public; Owner: postgres
--

ALTER TABLE ONLY public.home_message
    ADD CONSTRAINT home_message_pkey PRIMARY KEY (id);


--
-- Name: home_order home_order_pkey; Type: CONSTRAINT; Schema: public; Owner: postgres
--

ALTER TABLE ONLY public.home_order
    ADD CONSTRAINT home_order_pkey PRIMARY KEY (id);


--
-- Name: home_previouswork home_previouswork_pkey; Type: CONSTRAINT; Schema: public; Owner: postgres
--

ALTER TABLE ONLY public.home_previouswork
    ADD CONSTRAINT home_previouswork_pkey PRIMARY KEY (id);


--
-- Name: home_professional home_professional_pkey; Type: CONSTRAINT; Schema: public; Owner: postgres
--

ALTER TABLE ONLY public.home_professional
    ADD CONSTRAINT home_professional_pkey PRIMARY KEY (id);


--
-- Name: home_professional home_professional_user_id_a87918e6_uniq; Type: CONSTRAINT; Schema: public; Owner: postgres
--

ALTER TABLE ONLY public.home_professional
    ADD CONSTRAINT home_professional_user_id_a87918e6_uniq UNIQUE (user_id);


--
-- Name: home_professional home_professional_user_profile_id_key; Type: CONSTRAINT; Schema: public; Owner: postgres
--

ALTER TABLE ONLY public.home_professional
    ADD CONSTRAINT home_professional_user_profile_id_key UNIQUE (user_profile_id);


--
-- Name: home_projectimage home_projectimage_pkey; Type: CONSTRAINT; Schema: public; Owner: postgres
--

ALTER TABLE ONLY public.home_projectimage
    ADD CONSTRAINT home_projectimage_pkey PRIMARY KEY (id);


--
-- Name: home_quote home_quote_pkey; Type: CONSTRAINT; Schema: public; Owner: postgres
--

ALTER TABLE ONLY public.home_quote
    ADD CONSTRAINT home_quote_pkey PRIMARY KEY (id);


--
-- Name: home_userprofile home_userprofile_pkey; Type: CONSTRAINT; Schema: public; Owner: postgres
--

ALTER TABLE ONLY public.home_userprofile
    ADD CONSTRAINT home_userprofile_pkey PRIMARY KEY (id);


--
-- Name: home_userprofile home_userprofile_user_id_key; Type: CONSTRAINT; Schema: public; Owner: postgres
--

ALTER TABLE ONLY public.home_userprofile
    ADD CONSTRAINT home_userprofile_user_id_key UNIQUE (user_id);


--
-- Name: home_wishlist home_wishlist_pkey; Type: CONSTRAINT; Schema: public; Owner: postgres
--

ALTER TABLE ONLY public.home_wishlist
    ADD CONSTRAINT home_wishlist_pkey PRIMARY KEY (id);


--
-- Name: auth_group_name_a6ea08ec_like; Type: INDEX; Schema: public; Owner: postgres
--

CREATE INDEX auth_group_name_a6ea08ec_like ON public.auth_group USING btree (name varchar_pattern_ops);


--
-- Name: auth_group_permissions_group_id_b120cbf9; Type: INDEX; Schema: public; Owner: postgres
--

CREATE INDEX auth_group_permissions_group_id_b120cbf9 ON public.auth_group_permissions USING btree (group_id);


--
-- Name: auth_group_permissions_permission_id_84c5c92e; Type: INDEX; Schema: public; Owner: postgres
--

CREATE INDEX auth_group_permissions_permission_id_84c5c92e ON public.auth_group_permissions USING btree (permission_id);


--
-- Name: auth_permission_content_type_id_2f476e4b; Type: INDEX; Schema: public; Owner: postgres
--

CREATE INDEX auth_permission_content_type_id_2f476e4b ON public.auth_permission USING btree (content_type_id);


--
-- Name: auth_user_groups_group_id_97559544; Type: INDEX; Schema: public; Owner: postgres
--

CREATE INDEX auth_user_groups_group_id_97559544 ON public.auth_user_groups USING btree (group_id);


--
-- Name: auth_user_groups_user_id_6a12ed8b; Type: INDEX; Schema: public; Owner: postgres
--

CREATE INDEX auth_user_groups_user_id_6a12ed8b ON public.auth_user_groups USING btree (user_id);


--
-- Name: auth_user_user_permissions_permission_id_1fbb5f2c; Type: INDEX; Schema: public; Owner: postgres
--

CREATE INDEX auth_user_user_permissions_permission_id_1fbb5f2c ON public.auth_user_user_permissions USING btree (permission_id);


--
-- Name: auth_user_user_permissions_user_id_a95ead1b; Type: INDEX; Schema: public; Owner: postgres
--

CREATE INDEX auth_user_user_permissions_user_id_a95ead1b ON public.auth_user_user_permissions USING btree (user_id);


--
-- Name: auth_user_username_6821ab7c_like; Type: INDEX; Schema: public; Owner: postgres
--

CREATE INDEX auth_user_username_6821ab7c_like ON public.auth_user USING btree (username varchar_pattern_ops);


--
-- Name: django_admin_log_content_type_id_c4bce8eb; Type: INDEX; Schema: public; Owner: postgres
--

CREATE INDEX django_admin_log_content_type_id_c4bce8eb ON public.django_admin_log USING btree (content_type_id);


--
-- Name: django_admin_log_user_id_c564eba6; Type: INDEX; Schema: public; Owner: postgres
--

CREATE INDEX django_admin_log_user_id_c564eba6 ON public.django_admin_log USING btree (user_id);


--
-- Name: django_session_expire_date_a5c62663; Type: INDEX; Schema: public; Owner: postgres
--

CREATE INDEX django_session_expire_date_a5c62663 ON public.django_session USING btree (expire_date);


--
-- Name: django_session_session_key_c0390e0f_like; Type: INDEX; Schema: public; Owner: postgres
--

CREATE INDEX django_session_session_key_c0390e0f_like ON public.django_session USING btree (session_key varchar_pattern_ops);


--
-- Name: home_message_recipient_id_b6b1dc6f; Type: INDEX; Schema: public; Owner: postgres
--

CREATE INDEX home_message_recipient_id_b6b1dc6f ON public.home_message USING btree (recipient_id);


--
-- Name: home_message_sender_id_36db3490; Type: INDEX; Schema: public; Owner: postgres
--

CREATE INDEX home_message_sender_id_36db3490 ON public.home_message USING btree (sender_id);


--
-- Name: home_order_homeowner_id_66b79c4a; Type: INDEX; Schema: public; Owner: postgres
--

CREATE INDEX home_order_homeowner_id_66b79c4a ON public.home_order USING btree (homeowner_id);


--
-- Name: home_order_professional_id_d0f89eb4; Type: INDEX; Schema: public; Owner: postgres
--

CREATE INDEX home_order_professional_id_d0f89eb4 ON public.home_order USING btree (professional_id);


--
-- Name: home_previouswork_professional_id_a073664d; Type: INDEX; Schema: public; Owner: postgres
--

CREATE INDEX home_previouswork_professional_id_a073664d ON public.home_previouswork USING btree (professional_id);


--
-- Name: home_projectimage_project_id_25c75daf; Type: INDEX; Schema: public; Owner: postgres
--

CREATE INDEX home_projectimage_project_id_25c75daf ON public.home_projectimage USING btree (project_id);


--
-- Name: home_quote_order_id_8d2e02b7; Type: INDEX; Schema: public; Owner: postgres
--

CREATE INDEX home_quote_order_id_8d2e02b7 ON public.home_quote USING btree (order_id);


--
-- Name: home_quote_professional_id_9058a667; Type: INDEX; Schema: public; Owner: postgres
--

CREATE INDEX home_quote_professional_id_9058a667 ON public.home_quote USING btree (professional_id);


--
-- Name: home_wishlist_homeowner_id_2f9e31d5; Type: INDEX; Schema: public; Owner: postgres
--

CREATE INDEX home_wishlist_homeowner_id_2f9e31d5 ON public.home_wishlist USING btree (homeowner_id);


--
-- Name: home_wishlist_previous_work_id_22ef3036; Type: INDEX; Schema: public; Owner: postgres
--

CREATE INDEX home_wishlist_previous_work_id_22ef3036 ON public.home_wishlist USING btree (previous_work_id);


--
-- Name: auth_group_permissions auth_group_permissio_permission_id_84c5c92e_fk_auth_perm; Type: FK CONSTRAINT; Schema: public; Owner: postgres
--

ALTER TABLE ONLY public.auth_group_permissions
    ADD CONSTRAINT auth_group_permissio_permission_id_84c5c92e_fk_auth_perm FOREIGN KEY (permission_id) REFERENCES public.auth_permission(id) DEFERRABLE INITIALLY DEFERRED;


--
-- Name: auth_group_permissions auth_group_permissions_group_id_b120cbf9_fk_auth_group_id; Type: FK CONSTRAINT; Schema: public; Owner: postgres
--

ALTER TABLE ONLY public.auth_group_permissions
    ADD CONSTRAINT auth_group_permissions_group_id_b120cbf9_fk_auth_group_id FOREIGN KEY (group_id) REFERENCES public.auth_group(id) DEFERRABLE INITIALLY DEFERRED;


--
-- Name: auth_permission auth_permission_content_type_id_2f476e4b_fk_django_co; Type: FK CONSTRAINT; Schema: public; Owner: postgres
--

ALTER TABLE ONLY public.auth_permission
    ADD CONSTRAINT auth_permission_content_type_id_2f476e4b_fk_django_co FOREIGN KEY (content_type_id) REFERENCES public.django_content_type(id) DEFERRABLE INITIALLY DEFERRED;


--
-- Name: auth_user_groups auth_user_groups_group_id_97559544_fk_auth_group_id; Type: FK CONSTRAINT; Schema: public; Owner: postgres
--

ALTER TABLE ONLY public.auth_user_groups
    ADD CONSTRAINT auth_user_groups_group_id_97559544_fk_auth_group_id FOREIGN KEY (group_id) REFERENCES public.auth_group(id) DEFERRABLE INITIALLY DEFERRED;


--
-- Name: auth_user_groups auth_user_groups_user_id_6a12ed8b_fk_auth_user_id; Type: FK CONSTRAINT; Schema: public; Owner: postgres
--

ALTER TABLE ONLY public.auth_user_groups
    ADD CONSTRAINT auth_user_groups_user_id_6a12ed8b_fk_auth_user_id FOREIGN KEY (user_id) REFERENCES public.auth_user(id) DEFERRABLE INITIALLY DEFERRED;


--
-- Name: auth_user_user_permissions auth_user_user_permi_permission_id_1fbb5f2c_fk_auth_perm; Type: FK CONSTRAINT; Schema: public; Owner: postgres
--

ALTER TABLE ONLY public.auth_user_user_permissions
    ADD CONSTRAINT auth_user_user_permi_permission_id_1fbb5f2c_fk_auth_perm FOREIGN KEY (permission_id) REFERENCES public.auth_permission(id) DEFERRABLE INITIALLY DEFERRED;


--
-- Name: auth_user_user_permissions auth_user_user_permissions_user_id_a95ead1b_fk_auth_user_id; Type: FK CONSTRAINT; Schema: public; Owner: postgres
--

ALTER TABLE ONLY public.auth_user_user_permissions
    ADD CONSTRAINT auth_user_user_permissions_user_id_a95ead1b_fk_auth_user_id FOREIGN KEY (user_id) REFERENCES public.auth_user(id) DEFERRABLE INITIALLY DEFERRED;


--
-- Name: django_admin_log django_admin_log_content_type_id_c4bce8eb_fk_django_co; Type: FK CONSTRAINT; Schema: public; Owner: postgres
--

ALTER TABLE ONLY public.django_admin_log
    ADD CONSTRAINT django_admin_log_content_type_id_c4bce8eb_fk_django_co FOREIGN KEY (content_type_id) REFERENCES public.django_content_type(id) DEFERRABLE INITIALLY DEFERRED;


--
-- Name: django_admin_log django_admin_log_user_id_c564eba6_fk_auth_user_id; Type: FK CONSTRAINT; Schema: public; Owner: postgres
--

ALTER TABLE ONLY public.django_admin_log
    ADD CONSTRAINT django_admin_log_user_id_c564eba6_fk_auth_user_id FOREIGN KEY (user_id) REFERENCES public.auth_user(id) DEFERRABLE INITIALLY DEFERRED;


--
-- Name: home_homeowner home_homeowner_user_id_eb5431df_fk_auth_user_id; Type: FK CONSTRAINT; Schema: public; Owner: postgres
--

ALTER TABLE ONLY public.home_homeowner
    ADD CONSTRAINT home_homeowner_user_id_eb5431df_fk_auth_user_id FOREIGN KEY (user_id) REFERENCES public.auth_user(id) DEFERRABLE INITIALLY DEFERRED;


--
-- Name: home_message home_message_recipient_id_b6b1dc6f_fk_home_userprofile_id; Type: FK CONSTRAINT; Schema: public; Owner: postgres
--

ALTER TABLE ONLY public.home_message
    ADD CONSTRAINT home_message_recipient_id_b6b1dc6f_fk_home_userprofile_id FOREIGN KEY (recipient_id) REFERENCES public.home_userprofile(id) DEFERRABLE INITIALLY DEFERRED;


--
-- Name: home_message home_message_sender_id_36db3490_fk_home_userprofile_id; Type: FK CONSTRAINT; Schema: public; Owner: postgres
--

ALTER TABLE ONLY public.home_message
    ADD CONSTRAINT home_message_sender_id_36db3490_fk_home_userprofile_id FOREIGN KEY (sender_id) REFERENCES public.home_userprofile(id) DEFERRABLE INITIALLY DEFERRED;


--
-- Name: home_order home_order_homeowner_id_66b79c4a_fk_home_homeowner_id; Type: FK CONSTRAINT; Schema: public; Owner: postgres
--

ALTER TABLE ONLY public.home_order
    ADD CONSTRAINT home_order_homeowner_id_66b79c4a_fk_home_homeowner_id FOREIGN KEY (homeowner_id) REFERENCES public.home_homeowner(id) DEFERRABLE INITIALLY DEFERRED;


--
-- Name: home_order home_order_professional_id_d0f89eb4_fk_home_professional_id; Type: FK CONSTRAINT; Schema: public; Owner: postgres
--

ALTER TABLE ONLY public.home_order
    ADD CONSTRAINT home_order_professional_id_d0f89eb4_fk_home_professional_id FOREIGN KEY (professional_id) REFERENCES public.home_professional(id) DEFERRABLE INITIALLY DEFERRED;


--
-- Name: home_previouswork home_previouswork_professional_id_a073664d_fk_home_prof; Type: FK CONSTRAINT; Schema: public; Owner: postgres
--

ALTER TABLE ONLY public.home_previouswork
    ADD CONSTRAINT home_previouswork_professional_id_a073664d_fk_home_prof FOREIGN KEY (professional_id) REFERENCES public.home_professional(id) DEFERRABLE INITIALLY DEFERRED;


--
-- Name: home_professional home_professional_user_id_a87918e6_fk_auth_user_id; Type: FK CONSTRAINT; Schema: public; Owner: postgres
--

ALTER TABLE ONLY public.home_professional
    ADD CONSTRAINT home_professional_user_id_a87918e6_fk_auth_user_id FOREIGN KEY (user_id) REFERENCES public.auth_user(id) DEFERRABLE INITIALLY DEFERRED;


--
-- Name: home_professional home_professional_user_profile_id_f994169a_fk_home_user; Type: FK CONSTRAINT; Schema: public; Owner: postgres
--

ALTER TABLE ONLY public.home_professional
    ADD CONSTRAINT home_professional_user_profile_id_f994169a_fk_home_user FOREIGN KEY (user_profile_id) REFERENCES public.home_userprofile(id) DEFERRABLE INITIALLY DEFERRED;


--
-- Name: home_projectimage home_projectimage_project_id_25c75daf_fk_home_previouswork_id; Type: FK CONSTRAINT; Schema: public; Owner: postgres
--

ALTER TABLE ONLY public.home_projectimage
    ADD CONSTRAINT home_projectimage_project_id_25c75daf_fk_home_previouswork_id FOREIGN KEY (project_id) REFERENCES public.home_previouswork(id) DEFERRABLE INITIALLY DEFERRED;


--
-- Name: home_quote home_quote_order_id_8d2e02b7_fk_home_order_id; Type: FK CONSTRAINT; Schema: public; Owner: postgres
--

ALTER TABLE ONLY public.home_quote
    ADD CONSTRAINT home_quote_order_id_8d2e02b7_fk_home_order_id FOREIGN KEY (order_id) REFERENCES public.home_order(id) DEFERRABLE INITIALLY DEFERRED;


--
-- Name: home_quote home_quote_professional_id_9058a667_fk_home_professional_id; Type: FK CONSTRAINT; Schema: public; Owner: postgres
--

ALTER TABLE ONLY public.home_quote
    ADD CONSTRAINT home_quote_professional_id_9058a667_fk_home_professional_id FOREIGN KEY (professional_id) REFERENCES public.home_professional(id) DEFERRABLE INITIALLY DEFERRED;


--
-- Name: home_userprofile home_userprofile_user_id_d1f7b466_fk_auth_user_id; Type: FK CONSTRAINT; Schema: public; Owner: postgres
--

ALTER TABLE ONLY public.home_userprofile
    ADD CONSTRAINT home_userprofile_user_id_d1f7b466_fk_auth_user_id FOREIGN KEY (user_id) REFERENCES public.auth_user(id) DEFERRABLE INITIALLY DEFERRED;


--
-- Name: home_wishlist home_wishlist_homeowner_id_2f9e31d5_fk_home_homeowner_id; Type: FK CONSTRAINT; Schema: public; Owner: postgres
--

ALTER TABLE ONLY public.home_wishlist
    ADD CONSTRAINT home_wishlist_homeowner_id_2f9e31d5_fk_home_homeowner_id FOREIGN KEY (homeowner_id) REFERENCES public.home_homeowner(id) DEFERRABLE INITIALLY DEFERRED;


--
-- Name: home_wishlist home_wishlist_previous_work_id_22ef3036_fk_home_previouswork_id; Type: FK CONSTRAINT; Schema: public; Owner: postgres
--

ALTER TABLE ONLY public.home_wishlist
    ADD CONSTRAINT home_wishlist_previous_work_id_22ef3036_fk_home_previouswork_id FOREIGN KEY (previous_work_id) REFERENCES public.home_previouswork(id) DEFERRABLE INITIALLY DEFERRED;


--
-- PostgreSQL database dump complete
--

