[{"model": "admin.logentry", "pk": 1, "fields": {"action_time": "2024-03-13T00:21:58.130Z", "user": 70, "content_type": 15, "object_id": "1", "object_repr": "majdyah", "action_flag": 1, "change_message": "[{\"added\": {}}]"}}, {"model": "admin.logentry", "pk": 2, "fields": {"action_time": "2024-03-13T19:21:39.560Z", "user": 70, "content_type": 15, "object_id": "2", "object_repr": "Roshen", "action_flag": 1, "change_message": "[{\"added\": {}}]"}}, {"model": "admin.logentry", "pk": 3, "fields": {"action_time": "2024-03-13T19:26:01.398Z", "user": 70, "content_type": 15, "object_id": "1", "object_repr": "majdyah", "action_flag": 3, "change_message": ""}}, {"model": "admin.logentry", "pk": 4, "fields": {"action_time": "2024-03-13T19:28:58.470Z", "user": 70, "content_type": 9, "object_id": "18", "object_repr": "Professional object (18)", "action_flag": 3, "change_message": ""}}, {"model": "admin.logentry", "pk": 5, "fields": {"action_time": "2024-03-13T19:28:58.504Z", "user": 70, "content_type": 9, "object_id": "17", "object_repr": "Professional object (17)", "action_flag": 3, "change_message": ""}}, {"model": "admin.logentry", "pk": 6, "fields": {"action_time": "2024-03-13T19:28:58.507Z", "user": 70, "content_type": 9, "object_id": "16", "object_repr": "Professional object (16)", "action_flag": 3, "change_message": ""}}, {"model": "admin.logentry", "pk": 7, "fields": {"action_time": "2024-03-13T19:28:58.509Z", "user": 70, "content_type": 9, "object_id": "15", "object_repr": "Professional object (15)", "action_flag": 3, "change_message": ""}}, {"model": "admin.logentry", "pk": 8, "fields": {"action_time": "2024-03-13T19:28:58.513Z", "user": 70, "content_type": 9, "object_id": "14", "object_repr": "Professional object (14)", "action_flag": 3, "change_message": ""}}, {"model": "admin.logentry", "pk": 9, "fields": {"action_time": "2024-03-13T19:28:58.515Z", "user": 70, "content_type": 9, "object_id": "13", "object_repr": "Professional object (13)", "action_flag": 3, "change_message": ""}}, {"model": "admin.logentry", "pk": 10, "fields": {"action_time": "2024-03-13T19:28:58.518Z", "user": 70, "content_type": 9, "object_id": "12", "object_repr": "Professional object (12)", "action_flag": 3, "change_message": ""}}, {"model": "admin.logentry", "pk": 11, "fields": {"action_time": "2024-03-13T19:28:58.520Z", "user": 70, "content_type": 9, "object_id": "11", "object_repr": "Professional object (11)", "action_flag": 3, "change_message": ""}}, {"model": "admin.logentry", "pk": 12, "fields": {"action_time": "2024-03-13T19:28:58.522Z", "user": 70, "content_type": 9, "object_id": "10", "object_repr": "Professional object (10)", "action_flag": 3, "change_message": ""}}, {"model": "admin.logentry", "pk": 13, "fields": {"action_time": "2024-03-13T19:28:58.524Z", "user": 70, "content_type": 9, "object_id": "9", "object_repr": "Professional object (9)", "action_flag": 3, "change_message": ""}}, {"model": "admin.logentry", "pk": 14, "fields": {"action_time": "2024-03-13T19:28:58.527Z", "user": 70, "content_type": 9, "object_id": "8", "object_repr": "Professional object (8)", "action_flag": 3, "change_message": ""}}, {"model": "admin.logentry", "pk": 15, "fields": {"action_time": "2024-03-13T19:28:58.529Z", "user": 70, "content_type": 9, "object_id": "7", "object_repr": "Professional object (7)", "action_flag": 3, "change_message": ""}}, {"model": "admin.logentry", "pk": 16, "fields": {"action_time": "2024-03-13T19:28:58.531Z", "user": 70, "content_type": 9, "object_id": "6", "object_repr": "Professional object (6)", "action_flag": 3, "change_message": ""}}, {"model": "admin.logentry", "pk": 17, "fields": {"action_time": "2024-03-13T19:28:58.534Z", "user": 70, "content_type": 9, "object_id": "5", "object_repr": "Professional object (5)", "action_flag": 3, "change_message": ""}}, {"model": "admin.logentry", "pk": 18, "fields": {"action_time": "2024-03-13T19:28:58.536Z", "user": 70, "content_type": 9, "object_id": "4", "object_repr": "Professional object (4)", "action_flag": 3, "change_message": ""}}, {"model": "admin.logentry", "pk": 19, "fields": {"action_time": "2024-03-13T19:28:58.538Z", "user": 70, "content_type": 9, "object_id": "3", "object_repr": "Professional object (3)", "action_flag": 3, "change_message": ""}}, {"model": "admin.logentry", "pk": 20, "fields": {"action_time": "2024-03-13T19:28:58.540Z", "user": 70, "content_type": 9, "object_id": "2", "object_repr": "Professional object (2)", "action_flag": 3, "change_message": ""}}, {"model": "admin.logentry", "pk": 21, "fields": {"action_time": "2024-03-13T19:28:58.542Z", "user": 70, "content_type": 9, "object_id": "1", "object_repr": "Professional object (1)", "action_flag": 3, "change_message": ""}}, {"model": "admin.logentry", "pk": 22, "fields": {"action_time": "2024-03-13T19:45:26.699Z", "user": 70, "content_type": 15, "object_id": "3", "object_repr": "╟طع╟╠╧و╔", "action_flag": 1, "change_message": "[{\"added\": {}}]"}}, {"model": "admin.logentry", "pk": 23, "fields": {"action_time": "2024-03-13T19:46:19.506Z", "user": 70, "content_type": 15, "object_id": "4", "object_repr": "╤µ╘غ", "action_flag": 1, "change_message": "[{\"added\": {}}]"}}, {"model": "admin.logentry", "pk": 24, "fields": {"action_time": "2024-03-13T19:52:43.782Z", "user": 70, "content_type": 15, "object_id": "5", "object_repr": "╩╒عوع ╬╟╒", "action_flag": 1, "change_message": "[{\"added\": {}}]"}}, {"model": "admin.logentry", "pk": 25, "fields": {"action_time": "2024-03-13T19:53:13.315Z", "user": 70, "content_type": 15, "object_id": "6", "object_repr": "╩╒عوع ╬╟╒", "action_flag": 1, "change_message": "[{\"added\": {}}]"}}, {"model": "admin.logentry", "pk": 26, "fields": {"action_time": "2024-03-13T19:53:36.722Z", "user": 70, "content_type": 15, "object_id": "7", "object_repr": "╩╒عوع ╬╟╒", "action_flag": 1, "change_message": "[{\"added\": {}}]"}}, {"model": "admin.logentry", "pk": 27, "fields": {"action_time": "2024-03-13T19:54:21.822Z", "user": 70, "content_type": 15, "object_id": "8", "object_repr": "╩╒عوع ╬╟╒", "action_flag": 1, "change_message": "[{\"added\": {}}]"}}, {"model": "admin.logentry", "pk": 28, "fields": {"action_time": "2024-03-13T20:15:57.115Z", "user": 70, "content_type": 15, "object_id": "8", "object_repr": "╩╒عوع ╬╟╒", "action_flag": 3, "change_message": ""}}, {"model": "admin.logentry", "pk": 29, "fields": {"action_time": "2024-03-17T04:02:30.409Z", "user": 70, "content_type": 15, "object_id": "19", "object_repr": "PreviousWork object (19)", "action_flag": 3, "change_message": ""}}, {"model": "admin.logentry", "pk": 30, "fields": {"action_time": "2024-03-17T04:03:14.822Z", "user": 70, "content_type": 15, "object_id": "18", "object_repr": "PreviousWork object (18)", "action_flag": 3, "change_message": ""}}, {"model": "admin.logentry", "pk": 31, "fields": {"action_time": "2024-03-17T05:31:44.138Z", "user": 86, "content_type": 15, "object_id": "35", "object_repr": "PreviousWork object (35)", "action_flag": 3, "change_message": ""}}, {"model": "admin.logentry", "pk": 32, "fields": {"action_time": "2024-03-17T05:31:44.172Z", "user": 86, "content_type": 15, "object_id": "34", "object_repr": "PreviousWork object (34)", "action_flag": 3, "change_message": ""}}, {"model": "admin.logentry", "pk": 33, "fields": {"action_time": "2024-03-17T05:31:44.175Z", "user": 86, "content_type": 15, "object_id": "33", "object_repr": "PreviousWork object (33)", "action_flag": 3, "change_message": ""}}, {"model": "admin.logentry", "pk": 34, "fields": {"action_time": "2024-03-17T05:31:44.176Z", "user": 86, "content_type": 15, "object_id": "32", "object_repr": "PreviousWork object (32)", "action_flag": 3, "change_message": ""}}, {"model": "admin.logentry", "pk": 35, "fields": {"action_time": "2024-03-17T05:32:42.616Z", "user": 86, "content_type": 15, "object_id": "31", "object_repr": "PreviousWork object (31)", "action_flag": 3, "change_message": ""}}, {"model": "admin.logentry", "pk": 36, "fields": {"action_time": "2024-03-17T05:32:42.650Z", "user": 86, "content_type": 15, "object_id": "30", "object_repr": "PreviousWork object (30)", "action_flag": 3, "change_message": ""}}, {"model": "admin.logentry", "pk": 37, "fields": {"action_time": "2024-03-17T05:32:42.652Z", "user": 86, "content_type": 15, "object_id": "29", "object_repr": "PreviousWork object (29)", "action_flag": 3, "change_message": ""}}, {"model": "admin.logentry", "pk": 38, "fields": {"action_time": "2024-03-17T05:32:42.654Z", "user": 86, "content_type": 15, "object_id": "28", "object_repr": "PreviousWork object (28)", "action_flag": 3, "change_message": ""}}, {"model": "admin.logentry", "pk": 39, "fields": {"action_time": "2024-03-17T05:32:42.656Z", "user": 86, "content_type": 15, "object_id": "27", "object_repr": "PreviousWork object (27)", "action_flag": 3, "change_message": ""}}, {"model": "admin.logentry", "pk": 40, "fields": {"action_time": "2024-03-17T05:32:42.665Z", "user": 86, "content_type": 15, "object_id": "26", "object_repr": "PreviousWork object (26)", "action_flag": 3, "change_message": ""}}, {"model": "admin.logentry", "pk": 41, "fields": {"action_time": "2024-03-17T05:32:42.668Z", "user": 86, "content_type": 15, "object_id": "25", "object_repr": "PreviousWork object (25)", "action_flag": 3, "change_message": ""}}, {"model": "admin.logentry", "pk": 42, "fields": {"action_time": "2024-03-17T05:32:42.669Z", "user": 86, "content_type": 15, "object_id": "24", "object_repr": "PreviousWork object (24)", "action_flag": 3, "change_message": ""}}, {"model": "admin.logentry", "pk": 43, "fields": {"action_time": "2024-03-17T05:32:42.672Z", "user": 86, "content_type": 15, "object_id": "23", "object_repr": "PreviousWork object (23)", "action_flag": 3, "change_message": ""}}, {"model": "admin.logentry", "pk": 44, "fields": {"action_time": "2024-03-17T05:32:42.675Z", "user": 86, "content_type": 15, "object_id": "22", "object_repr": "PreviousWork object (22)", "action_flag": 3, "change_message": ""}}, {"model": "admin.logentry", "pk": 45, "fields": {"action_time": "2024-03-17T05:32:42.678Z", "user": 86, "content_type": 15, "object_id": "21", "object_repr": "PreviousWork object (21)", "action_flag": 3, "change_message": ""}}, {"model": "admin.logentry", "pk": 46, "fields": {"action_time": "2024-03-17T05:32:42.680Z", "user": 86, "content_type": 15, "object_id": "20", "object_repr": "PreviousWork object (20)", "action_flag": 3, "change_message": ""}}, {"model": "admin.logentry", "pk": 47, "fields": {"action_time": "2024-03-17T05:32:42.683Z", "user": 86, "content_type": 15, "object_id": "17", "object_repr": "PreviousWork object (17)", "action_flag": 3, "change_message": ""}}, {"model": "admin.logentry", "pk": 48, "fields": {"action_time": "2024-03-17T05:33:16.902Z", "user": 86, "content_type": 15, "object_id": "7", "object_repr": "PreviousWork object (7)", "action_flag": 3, "change_message": ""}}, {"model": "admin.logentry", "pk": 49, "fields": {"action_time": "2024-03-17T05:33:16.938Z", "user": 86, "content_type": 15, "object_id": "6", "object_repr": "PreviousWork object (6)", "action_flag": 3, "change_message": ""}}, {"model": "admin.logentry", "pk": 50, "fields": {"action_time": "2024-03-17T05:33:16.941Z", "user": 86, "content_type": 15, "object_id": "5", "object_repr": "PreviousWork object (5)", "action_flag": 3, "change_message": ""}}, {"model": "admin.logentry", "pk": 51, "fields": {"action_time": "2024-03-17T05:33:16.946Z", "user": 86, "content_type": 15, "object_id": "4", "object_repr": "PreviousWork object (4)", "action_flag": 3, "change_message": ""}}, {"model": "admin.logentry", "pk": 52, "fields": {"action_time": "2024-03-17T05:33:16.949Z", "user": 86, "content_type": 15, "object_id": "3", "object_repr": "PreviousWork object (3)", "action_flag": 3, "change_message": ""}}, {"model": "admin.logentry", "pk": 53, "fields": {"action_time": "2024-03-17T05:33:16.962Z", "user": 86, "content_type": 15, "object_id": "2", "object_repr": "PreviousWork object (2)", "action_flag": 3, "change_message": ""}}, {"model": "admin.logentry", "pk": 54, "fields": {"action_time": "2024-03-17T05:48:33.928Z", "user": 86, "content_type": 15, "object_id": "36", "object_repr": "PreviousWork object (36)", "action_flag": 3, "change_message": ""}}, {"model": "admin.logentry", "pk": 55, "fields": {"action_time": "2024-03-18T22:25:56.299Z", "user": 86, "content_type": 15, "object_id": "61", "object_repr": "roshen", "action_flag": 3, "change_message": ""}}, {"model": "admin.logentry", "pk": 56, "fields": {"action_time": "2024-03-18T22:25:56.307Z", "user": 86, "content_type": 15, "object_id": "60", "object_repr": "roshen", "action_flag": 3, "change_message": ""}}, {"model": "admin.logentry", "pk": 57, "fields": {"action_time": "2024-03-18T22:25:56.309Z", "user": 86, "content_type": 15, "object_id": "57", "object_repr": "roshen", "action_flag": 3, "change_message": ""}}, {"model": "admin.logentry", "pk": 58, "fields": {"action_time": "2024-03-18T22:25:56.312Z", "user": 86, "content_type": 15, "object_id": "48", "object_repr": "roshen", "action_flag": 3, "change_message": ""}}, {"model": "admin.logentry", "pk": 59, "fields": {"action_time": "2024-03-18T22:25:56.314Z", "user": 86, "content_type": 15, "object_id": "47", "object_repr": "roshen", "action_flag": 3, "change_message": ""}}, {"model": "admin.logentry", "pk": 60, "fields": {"action_time": "2024-03-18T22:25:56.318Z", "user": 86, "content_type": 15, "object_id": "46", "object_repr": "roshen", "action_flag": 3, "change_message": ""}}, {"model": "admin.logentry", "pk": 61, "fields": {"action_time": "2024-03-18T22:25:56.321Z", "user": 86, "content_type": 15, "object_id": "44", "object_repr": "roshen", "action_flag": 3, "change_message": ""}}, {"model": "admin.logentry", "pk": 62, "fields": {"action_time": "2024-03-18T22:25:56.323Z", "user": 86, "content_type": 15, "object_id": "43", "object_repr": "roshen", "action_flag": 3, "change_message": ""}}, {"model": "admin.logentry", "pk": 63, "fields": {"action_time": "2024-03-18T22:25:56.325Z", "user": 86, "content_type": 15, "object_id": "42", "object_repr": "roshen", "action_flag": 3, "change_message": ""}}, {"model": "admin.logentry", "pk": 64, "fields": {"action_time": "2024-03-18T22:25:56.327Z", "user": 86, "content_type": 15, "object_id": "41", "object_repr": "roshen", "action_flag": 3, "change_message": ""}}, {"model": "admin.logentry", "pk": 65, "fields": {"action_time": "2024-03-18T22:25:56.329Z", "user": 86, "content_type": 15, "object_id": "40", "object_repr": "roshen", "action_flag": 3, "change_message": ""}}, {"model": "admin.logentry", "pk": 66, "fields": {"action_time": "2024-03-18T22:26:18.811Z", "user": 86, "content_type": 15, "object_id": "39", "object_repr": "roshen", "action_flag": 3, "change_message": ""}}, {"model": "admin.logentry", "pk": 67, "fields": {"action_time": "2024-03-18T22:39:08.633Z", "user": 86, "content_type": 15, "object_id": "67", "object_repr": "╤µ╘غ", "action_flag": 3, "change_message": ""}}, {"model": "admin.logentry", "pk": 68, "fields": {"action_time": "2024-03-18T22:39:08.641Z", "user": 86, "content_type": 15, "object_id": "66", "object_repr": "╤µ╘غ", "action_flag": 3, "change_message": ""}}, {"model": "admin.logentry", "pk": 69, "fields": {"action_time": "2024-03-18T22:39:08.644Z", "user": 86, "content_type": 15, "object_id": "65", "object_repr": "╟طع╟╠╧و╔", "action_flag": 3, "change_message": ""}}, {"model": "admin.logentry", "pk": 70, "fields": {"action_time": "2024-03-18T22:39:08.647Z", "user": 86, "content_type": 15, "object_id": "64", "object_repr": "╤µ╘غ", "action_flag": 3, "change_message": ""}}, {"model": "admin.logentry", "pk": 71, "fields": {"action_time": "2024-03-18T22:39:08.650Z", "user": 86, "content_type": 15, "object_id": "63", "object_repr": "╟طع╟╠╧و╔", "action_flag": 3, "change_message": ""}}, {"model": "admin.logentry", "pk": 72, "fields": {"action_time": "2024-03-18T22:39:24.088Z", "user": 86, "content_type": 15, "object_id": "62", "object_repr": "roshen", "action_flag": 3, "change_message": ""}}, {"model": "admin.logentry", "pk": 73, "fields": {"action_time": "2024-03-18T22:48:26.152Z", "user": 86, "content_type": 15, "object_id": "69", "object_repr": "╟طع╟╠╧و╔", "action_flag": 3, "change_message": ""}}, {"model": "admin.logentry", "pk": 74, "fields": {"action_time": "2024-03-18T22:48:26.193Z", "user": 86, "content_type": 15, "object_id": "68", "object_repr": "╤µ╘غ", "action_flag": 3, "change_message": ""}}, {"model": "admin.logentry", "pk": 75, "fields": {"action_time": "2024-03-23T22:25:42.943Z", "user": 86, "content_type": 18, "object_id": "73", "object_repr": "ProjectImage object (73)", "action_flag": 1, "change_message": "[{\"added\": {}}]"}}, {"model": "admin.logentry", "pk": 76, "fields": {"action_time": "2024-03-23T22:25:58.014Z", "user": 86, "content_type": 18, "object_id": "74", "object_repr": "ProjectImage object (74)", "action_flag": 1, "change_message": "[{\"added\": {}}]"}}, {"model": "admin.logentry", "pk": 77, "fields": {"action_time": "2024-03-23T22:26:15.608Z", "user": 86, "content_type": 18, "object_id": "75", "object_repr": "ProjectImage object (75)", "action_flag": 1, "change_message": "[{\"added\": {}}]"}}, {"model": "auth.permission", "pk": 1, "fields": {"name": "Can add log entry", "content_type": 1, "codename": "add_logentry"}}, {"model": "auth.permission", "pk": 2, "fields": {"name": "Can change log entry", "content_type": 1, "codename": "change_logentry"}}, {"model": "auth.permission", "pk": 3, "fields": {"name": "Can delete log entry", "content_type": 1, "codename": "delete_logentry"}}, {"model": "auth.permission", "pk": 4, "fields": {"name": "Can view log entry", "content_type": 1, "codename": "view_logentry"}}, {"model": "auth.permission", "pk": 5, "fields": {"name": "Can add permission", "content_type": 2, "codename": "add_permission"}}, {"model": "auth.permission", "pk": 6, "fields": {"name": "Can change permission", "content_type": 2, "codename": "change_permission"}}, {"model": "auth.permission", "pk": 7, "fields": {"name": "Can delete permission", "content_type": 2, "codename": "delete_permission"}}, {"model": "auth.permission", "pk": 8, "fields": {"name": "Can view permission", "content_type": 2, "codename": "view_permission"}}, {"model": "auth.permission", "pk": 9, "fields": {"name": "Can add group", "content_type": 3, "codename": "add_group"}}, {"model": "auth.permission", "pk": 10, "fields": {"name": "Can change group", "content_type": 3, "codename": "change_group"}}, {"model": "auth.permission", "pk": 11, "fields": {"name": "Can delete group", "content_type": 3, "codename": "delete_group"}}, {"model": "auth.permission", "pk": 12, "fields": {"name": "Can view group", "content_type": 3, "codename": "view_group"}}, {"model": "auth.permission", "pk": 13, "fields": {"name": "Can add user", "content_type": 4, "codename": "add_user"}}, {"model": "auth.permission", "pk": 14, "fields": {"name": "Can change user", "content_type": 4, "codename": "change_user"}}, {"model": "auth.permission", "pk": 15, "fields": {"name": "Can delete user", "content_type": 4, "codename": "delete_user"}}, {"model": "auth.permission", "pk": 16, "fields": {"name": "Can view user", "content_type": 4, "codename": "view_user"}}, {"model": "auth.permission", "pk": 17, "fields": {"name": "Can add content type", "content_type": 5, "codename": "add_contenttype"}}, {"model": "auth.permission", "pk": 18, "fields": {"name": "Can change content type", "content_type": 5, "codename": "change_contenttype"}}, {"model": "auth.permission", "pk": 19, "fields": {"name": "Can delete content type", "content_type": 5, "codename": "delete_contenttype"}}, {"model": "auth.permission", "pk": 20, "fields": {"name": "Can view content type", "content_type": 5, "codename": "view_contenttype"}}, {"model": "auth.permission", "pk": 21, "fields": {"name": "Can add session", "content_type": 6, "codename": "add_session"}}, {"model": "auth.permission", "pk": 22, "fields": {"name": "Can change session", "content_type": 6, "codename": "change_session"}}, {"model": "auth.permission", "pk": 23, "fields": {"name": "Can delete session", "content_type": 6, "codename": "delete_session"}}, {"model": "auth.permission", "pk": 24, "fields": {"name": "Can view session", "content_type": 6, "codename": "view_session"}}, {"model": "auth.permission", "pk": 25, "fields": {"name": "Can add homeowner", "content_type": 7, "codename": "add_homeowner"}}, {"model": "auth.permission", "pk": 26, "fields": {"name": "Can change homeowner", "content_type": 7, "codename": "change_homeowner"}}, {"model": "auth.permission", "pk": 27, "fields": {"name": "Can delete homeowner", "content_type": 7, "codename": "delete_homeowner"}}, {"model": "auth.permission", "pk": 28, "fields": {"name": "Can view homeowner", "content_type": 7, "codename": "view_homeowner"}}, {"model": "auth.permission", "pk": 29, "fields": {"name": "Can add message", "content_type": 8, "codename": "add_message"}}, {"model": "auth.permission", "pk": 30, "fields": {"name": "Can change message", "content_type": 8, "codename": "change_message"}}, {"model": "auth.permission", "pk": 31, "fields": {"name": "Can delete message", "content_type": 8, "codename": "delete_message"}}, {"model": "auth.permission", "pk": 32, "fields": {"name": "Can view message", "content_type": 8, "codename": "view_message"}}, {"model": "auth.permission", "pk": 33, "fields": {"name": "Can add professional", "content_type": 9, "codename": "add_professional"}}, {"model": "auth.permission", "pk": 34, "fields": {"name": "Can change professional", "content_type": 9, "codename": "change_professional"}}, {"model": "auth.permission", "pk": 35, "fields": {"name": "Can delete professional", "content_type": 9, "codename": "delete_professional"}}, {"model": "auth.permission", "pk": 36, "fields": {"name": "Can view professional", "content_type": 9, "codename": "view_professional"}}, {"model": "auth.permission", "pk": 37, "fields": {"name": "Can add order request", "content_type": 10, "codename": "add_orderrequest"}}, {"model": "auth.permission", "pk": 38, "fields": {"name": "Can change order request", "content_type": 10, "codename": "change_orderrequest"}}, {"model": "auth.permission", "pk": 39, "fields": {"name": "Can delete order request", "content_type": 10, "codename": "delete_orderrequest"}}, {"model": "auth.permission", "pk": 40, "fields": {"name": "Can view order request", "content_type": 10, "codename": "view_orderrequest"}}, {"model": "auth.permission", "pk": 41, "fields": {"name": "Can add order", "content_type": 11, "codename": "add_order"}}, {"model": "auth.permission", "pk": 42, "fields": {"name": "Can change order", "content_type": 11, "codename": "change_order"}}, {"model": "auth.permission", "pk": 43, "fields": {"name": "Can delete order", "content_type": 11, "codename": "delete_order"}}, {"model": "auth.permission", "pk": 44, "fields": {"name": "Can view order", "content_type": 11, "codename": "view_order"}}, {"model": "auth.permission", "pk": 45, "fields": {"name": "Can add professional photo", "content_type": 12, "codename": "add_professionalphoto"}}, {"model": "auth.permission", "pk": 46, "fields": {"name": "Can change professional photo", "content_type": 12, "codename": "change_professionalphoto"}}, {"model": "auth.permission", "pk": 47, "fields": {"name": "Can delete professional photo", "content_type": 12, "codename": "delete_professionalphoto"}}, {"model": "auth.permission", "pk": 48, "fields": {"name": "Can view professional photo", "content_type": 12, "codename": "view_professionalphoto"}}, {"model": "auth.permission", "pk": 49, "fields": {"name": "Can add quote", "content_type": 13, "codename": "add_quote"}}, {"model": "auth.permission", "pk": 50, "fields": {"name": "Can change quote", "content_type": 13, "codename": "change_quote"}}, {"model": "auth.permission", "pk": 51, "fields": {"name": "Can delete quote", "content_type": 13, "codename": "delete_quote"}}, {"model": "auth.permission", "pk": 52, "fields": {"name": "Can view quote", "content_type": 13, "codename": "view_quote"}}, {"model": "auth.permission", "pk": 53, "fields": {"name": "Can add user profile", "content_type": 14, "codename": "add_userprofile"}}, {"model": "auth.permission", "pk": 54, "fields": {"name": "Can change user profile", "content_type": 14, "codename": "change_userprofile"}}, {"model": "auth.permission", "pk": 55, "fields": {"name": "Can delete user profile", "content_type": 14, "codename": "delete_userprofile"}}, {"model": "auth.permission", "pk": 56, "fields": {"name": "Can view user profile", "content_type": 14, "codename": "view_userprofile"}}, {"model": "auth.permission", "pk": 57, "fields": {"name": "Can add previous work", "content_type": 15, "codename": "add_previouswork"}}, {"model": "auth.permission", "pk": 58, "fields": {"name": "Can change previous work", "content_type": 15, "codename": "change_previouswork"}}, {"model": "auth.permission", "pk": 59, "fields": {"name": "Can delete previous work", "content_type": 15, "codename": "delete_previouswork"}}, {"model": "auth.permission", "pk": 60, "fields": {"name": "Can view previous work", "content_type": 15, "codename": "view_previouswork"}}, {"model": "auth.permission", "pk": 61, "fields": {"name": "Can add wishlist", "content_type": 16, "codename": "add_wishlist"}}, {"model": "auth.permission", "pk": 62, "fields": {"name": "Can change wishlist", "content_type": 16, "codename": "change_wishlist"}}, {"model": "auth.permission", "pk": 63, "fields": {"name": "Can delete wishlist", "content_type": 16, "codename": "delete_wishlist"}}, {"model": "auth.permission", "pk": 64, "fields": {"name": "Can view wishlist", "content_type": 16, "codename": "view_wishlist"}}, {"model": "auth.permission", "pk": 65, "fields": {"name": "Can add previous work image", "content_type": 17, "codename": "add_previousworkimage"}}, {"model": "auth.permission", "pk": 66, "fields": {"name": "Can change previous work image", "content_type": 17, "codename": "change_previousworkimage"}}, {"model": "auth.permission", "pk": 67, "fields": {"name": "Can delete previous work image", "content_type": 17, "codename": "delete_previousworkimage"}}, {"model": "auth.permission", "pk": 68, "fields": {"name": "Can view previous work image", "content_type": 17, "codename": "view_previousworkimage"}}, {"model": "auth.permission", "pk": 69, "fields": {"name": "Can add project image", "content_type": 18, "codename": "add_projectimage"}}, {"model": "auth.permission", "pk": 70, "fields": {"name": "Can change project image", "content_type": 18, "codename": "change_projectimage"}}, {"model": "auth.permission", "pk": 71, "fields": {"name": "Can delete project image", "content_type": 18, "codename": "delete_projectimage"}}, {"model": "auth.permission", "pk": 72, "fields": {"name": "Can view project image", "content_type": 18, "codename": "view_projectimage"}}, {"model": "auth.user", "pk": 1, "fields": {"password": "pbkdf2_sha256$720000$3E62x9rF8HyTvwlPMkNUs4$bJXmuWGK2LpX73Zvvocqfo9IMwHQBXglW4qI9za/Xt4=", "last_login": null, "is_superuser": false, "username": "alanoud", "first_name": "", "last_name": "", "email": "hp@gmail.com", "is_staff": false, "is_active": true, "date_joined": "2024-02-27T14:21:59.673Z", "groups": [], "user_permissions": []}}, {"model": "auth.user", "pk": 4, "fields": {"password": "pbkdf2_sha256$720000$8DIjTJAr41mBwbkTcAujTE$7R/xhw9FY4LeiXQZ6hK3K0UTos66EvVdsHJiZT4082s=", "last_login": "2024-02-27T15:00:41.115Z", "is_superuser": false, "username": "alano", "first_name": "", "last_name": "", "email": "alano@gmail.com", "is_staff": false, "is_active": true, "date_joined": "2024-02-27T15:00:40.075Z", "groups": [], "user_permissions": []}}, {"model": "auth.user", "pk": 5, "fields": {"password": "pbkdf2_sha256$720000$hO7j76HaexqwthNQNpSmcl$F3HU8XPB5kdtwsj9QEY3v3v+rd1Cwa1KZXgJ4Mt58JI=", "last_login": "2024-02-27T15:14:58.990Z", "is_superuser": false, "username": "wad", "first_name": "", "last_name": "", "email": "wa@gmail.com", "is_staff": false, "is_active": true, "date_joined": "2024-02-27T15:14:57.695Z", "groups": [], "user_permissions": []}}, {"model": "auth.user", "pk": 6, "fields": {"password": "pbkdf2_sha256$720000$kgck6Ex8boxjXSdTyLdzFT$uzOffZYOecmJuwpuvcz/qzJQvsq4cc8EeBN/gk6Y1XA=", "last_login": "2024-02-27T16:10:02.132Z", "is_superuser": false, "username": "nouf", "first_name": "", "last_name": "", "email": "nouf@gmail.com", "is_staff": false, "is_active": true, "date_joined": "2024-02-27T16:10:00.453Z", "groups": [], "user_permissions": []}}, {"model": "auth.user", "pk": 8, "fields": {"password": "pbkdf2_sha256$720000$lk2lFoseAKtQdtyuRksJ6Z$NuoolajRwnngB3EcrkTULiEVvT792COUZWk44rVy/P4=", "last_login": "2024-02-27T16:19:13.634Z", "is_superuser": false, "username": "wala", "first_name": "", "last_name": "", "email": "wala@gmail.com", "is_staff": false, "is_active": true, "date_joined": "2024-02-27T16:19:12.411Z", "groups": [], "user_permissions": []}}, {"model": "auth.user", "pk": 9, "fields": {"password": "pbkdf2_sha256$720000$zFd3mn8OefySJ2kDr6wgf4$MO11RYdK5jd5zVnqIGFFlSfCSslrnrK8UFetO5vehKw=", "last_login": "2024-02-27T16:50:29.966Z", "is_superuser": false, "username": "lahj", "first_name": "", "last_name": "", "email": "l@gmail.com", "is_staff": false, "is_active": true, "date_joined": "2024-02-27T16:50:27.429Z", "groups": [], "user_permissions": []}}, {"model": "auth.user", "pk": 10, "fields": {"password": "pbkdf2_sha256$720000$eMQT832jGTubu7vdhHO2AN$zVGiO+wGwGAyKPqvo+dtXSfVgeJapN2xnOYlT249xCI=", "last_login": "2024-02-27T17:14:06.982Z", "is_superuser": false, "username": "fa", "first_name": "", "last_name": "", "email": "fa@gmail.com", "is_staff": false, "is_active": true, "date_joined": "2024-02-27T17:14:04.031Z", "groups": [], "user_permissions": []}}, {"model": "auth.user", "pk": 11, "fields": {"password": "pbkdf2_sha256$720000$KOhT9hYEhiIM3SDioj86IE$HSAYr/wKvvXDqf4wI1C749apg8kCvawIZhuhvgu/G1E=", "last_login": "2024-02-27T17:35:15.474Z", "is_superuser": false, "username": "alanooood", "first_name": "", "last_name": "", "email": "alanooood@gmail.co", "is_staff": false, "is_active": true, "date_joined": "2024-02-27T17:35:12.598Z", "groups": [], "user_permissions": []}}, {"model": "auth.user", "pk": 12, "fields": {"password": "pbkdf2_sha256$720000$iXpohgpWCJkDbPMI6LvLOR$vjlNcyyYEGd6J7KUMj4I/U1DrcAkt1INGVLGYCwWvY4=", "last_login": "2024-02-27T17:40:27.583Z", "is_superuser": false, "username": "alanoudd", "first_name": "", "last_name": "", "email": "alanoudd@gmail.com", "is_staff": false, "is_active": true, "date_joined": "2024-02-27T17:40:25.030Z", "groups": [], "user_permissions": []}}, {"model": "auth.user", "pk": 13, "fields": {"password": "pbkdf2_sha256$720000$0H1LhkmaH5zRVDEbojSqQO$Tjr4JBprOCvODHrXos1vdf2uI5xnqSZ/vxR0MYY3Q5Y=", "last_login": "2024-02-28T12:59:21.750Z", "is_superuser": false, "username": "noof", "first_name": "", "last_name": "", "email": "m@gmail.com", "is_staff": false, "is_active": true, "date_joined": "2024-02-28T12:59:18.564Z", "groups": [], "user_permissions": []}}, {"model": "auth.user", "pk": 14, "fields": {"password": "pbkdf2_sha256$720000$GEsyhlum6ZFBqQhQ3IuefB$MKhrGKiHiNjNtgVUf0YbuEtgK1aoD8sn+syq6LC6n3A=", "last_login": "2024-02-28T13:58:05.654Z", "is_superuser": false, "username": "ahmed", "first_name": "", "last_name": "", "email": "a@gmail.com", "is_staff": false, "is_active": true, "date_joined": "2024-02-28T13:58:02.651Z", "groups": [], "user_permissions": []}}, {"model": "auth.user", "pk": 15, "fields": {"password": "pbkdf2_sha256$720000$oF2h2dfgacPKyiLbdPiQSN$KO1gOYQ/BfblVzuzvueEzmN6n04xdc72yVmChq338Qc=", "last_login": "2024-02-28T14:41:29.015Z", "is_superuser": false, "username": "alanod", "first_name": "", "last_name": "", "email": "al@gmail.com", "is_staff": false, "is_active": true, "date_joined": "2024-02-28T14:32:15.334Z", "groups": [], "user_permissions": []}}, {"model": "auth.user", "pk": 16, "fields": {"password": "pbkdf2_sha256$720000$bm5xoCKTz4oW1fnhclbJWG$igQzsHKAS1Vdcc5sI4AZEy2FvLA4BeQkn+Fvv4Lxzks=", "last_login": "2024-02-28T14:55:13.102Z", "is_superuser": false, "username": "alanou", "first_name": "", "last_name": "", "email": "a@gmail.com", "is_staff": false, "is_active": true, "date_joined": "2024-02-28T14:53:41.277Z", "groups": [], "user_permissions": []}}, {"model": "auth.user", "pk": 17, "fields": {"password": "pbkdf2_sha256$720000$BDf9l3jodmhE3O49kHSx76$+pKg4zqjRyE1DMa1qIZGWvelBNNVD+bwprlKAlRwlco=", "last_login": "2024-03-22T03:02:40.452Z", "is_superuser": false, "username": "╘و╬ف", "first_name": "", "last_name": "", "email": "s@gmail.com", "is_staff": false, "is_active": true, "date_joined": "2024-02-28T15:04:38.734Z", "groups": [], "user_permissions": []}}, {"model": "auth.user", "pk": 18, "fields": {"password": "pbkdf2_sha256$720000$GE3akRSxqpsxlcJV7mwCqU$AoaLlXduiDAv5VTENrtXabkfsmc2utjuqYIqb+jcbwA=", "last_login": "2024-02-28T16:18:14.549Z", "is_superuser": false, "username": "saud", "first_name": "", "last_name": "", "email": "s@gmail.com", "is_staff": false, "is_active": true, "date_joined": "2024-02-28T16:18:11.645Z", "groups": [], "user_permissions": []}}, {"model": "auth.user", "pk": 19, "fields": {"password": "pbkdf2_sha256$720000$4AiE4RiRrrqaImep2IKWtp$QdcnIZwJLRPA6ClbkhLfj2IMfEQLQJfsGj8PRRMxNEo=", "last_login": "2024-02-28T16:41:20.103Z", "is_superuser": false, "username": "mohamed", "first_name": "", "last_name": "", "email": "m@gmail.com", "is_staff": false, "is_active": true, "date_joined": "2024-02-28T16:41:17.557Z", "groups": [], "user_permissions": []}}, {"model": "auth.user", "pk": 20, "fields": {"password": "pbkdf2_sha256$720000$H95Yg8pZ4MnSZEW55v7Ctn$gC0C1Z/SB+7p+W1NxwA089rliRVF8gTP7a2MCi0t2z8=", "last_login": "2024-02-28T17:03:18.137Z", "is_superuser": false, "username": "mody", "first_name": "", "last_name": "", "email": "m@gmail.com", "is_staff": false, "is_active": true, "date_joined": "2024-02-28T17:03:00.062Z", "groups": [], "user_permissions": []}}, {"model": "auth.user", "pk": 21, "fields": {"password": "pbkdf2_sha256$720000$Lvjt9K101pkV1feOzLN4z5$QVfKb3cAOiUU9nFwve7ZXLttufSET9QQ1HNsTAQ7m0I=", "last_login": "2024-02-29T11:05:35.713Z", "is_superuser": false, "username": "gg", "first_name": "", "last_name": "", "email": "gg@gmail.com", "is_staff": false, "is_active": true, "date_joined": "2024-02-29T11:05:11.896Z", "groups": [], "user_permissions": []}}, {"model": "auth.user", "pk": 25, "fields": {"password": "pbkdf2_sha256$720000$xg8tTesvoujhJon6tnprS3$Igz7050XkZ4QUXuPH8MDsXF8kKFvR/mAVKpAsVmqIb4=", "last_login": null, "is_superuser": false, "username": "alanoodmmm", "first_name": "", "last_name": "", "email": "mmm@gmail.com", "is_staff": false, "is_active": true, "date_joined": "2024-02-29T11:59:39.186Z", "groups": [], "user_permissions": []}}, {"model": "auth.user", "pk": 27, "fields": {"password": "pbkdf2_sha256$720000$M1QzNuggZFQPQpcYGhSiv3$+C1EaS8CpFMeki3Sls1hMCyVVv7KeuL8zD5RepP9YHk=", "last_login": "2024-02-29T12:09:34.239Z", "is_superuser": false, "username": "w", "first_name": "", "last_name": "", "email": "aw@gmail.com", "is_staff": false, "is_active": true, "date_joined": "2024-02-29T12:09:32.614Z", "groups": [], "user_permissions": []}}, {"model": "auth.user", "pk": 30, "fields": {"password": "pbkdf2_sha256$720000$iQqRB6cHgiWmxpDsYRTZIy$eY4nzCpqHde9PQV0NpeOaNfSbjjA091WFcidKARkFPw=", "last_login": "2024-02-29T12:17:37.624Z", "is_superuser": false, "username": "h", "first_name": "", "last_name": "", "email": "hw@gmail.com", "is_staff": false, "is_active": true, "date_joined": "2024-02-29T12:17:34.872Z", "groups": [], "user_permissions": []}}, {"model": "auth.user", "pk": 31, "fields": {"password": "pbkdf2_sha256$720000$zBfqcMbR2QieNN7NdKtNMm$HYVlcoXVUnZGnM/a1UpyqXUfwo33mzcOMTQaZdySGCM=", "last_login": "2024-02-29T14:23:25.811Z", "is_superuser": false, "username": "غµ▌", "first_name": "", "last_name": "", "email": "n@gmail.com", "is_staff": false, "is_active": true, "date_joined": "2024-02-29T14:23:24.868Z", "groups": [], "user_permissions": []}}, {"model": "auth.user", "pk": 32, "fields": {"password": "pbkdf2_sha256$720000$xE70MIYEO8KUWI73vVKUMn$sk9Yng5uKsP/Zp9G2oyY62Tt/fSfXkaARDfwT1siLrQ=", "last_login": "2024-02-29T14:34:04.523Z", "is_superuser": false, "username": "و╟", "first_name": "", "last_name": "", "email": "y@gmail.com", "is_staff": false, "is_active": true, "date_joined": "2024-02-29T14:34:03.652Z", "groups": [], "user_permissions": []}}, {"model": "auth.user", "pk": 33, "fields": {"password": "pbkdf2_sha256$720000$0bWm5ZHAfIYAFwuquD0ZTm$lGFRZGCArJ/hfv728D8iNaJJMXABv963cFgJmeS8nRY=", "last_login": "2024-02-29T14:49:30.021Z", "is_superuser": false, "username": "ع═ع╧", "first_name": "", "last_name": "", "email": "mmmm@gmail.com", "is_staff": false, "is_active": true, "date_joined": "2024-02-29T14:49:02.305Z", "groups": [], "user_permissions": []}}, {"model": "auth.user", "pk": 34, "fields": {"password": "pbkdf2_sha256$720000$4kL71Fo9GsrAyvcRZ4cJ3L$K5jzxv5KrriAN5iIEuSxwd9XB2E2NPy6oMERjhlqQW8=", "last_login": "2024-03-01T13:53:24.258Z", "is_superuser": false, "username": "╘و╬ف ┌", "first_name": "", "last_name": "", "email": "sss@gmail.com", "is_staff": false, "is_active": true, "date_joined": "2024-03-01T13:53:21.899Z", "groups": [], "user_permissions": []}}, {"model": "auth.user", "pk": 35, "fields": {"password": "pbkdf2_sha256$720000$QM1Jsj5e6nEjyxXkz8z5qc$CKtkl2xNiqqPTWrzrXk2W+yEp5tnXTyK01bsiKPOu2w=", "last_login": "2024-03-01T13:57:15.861Z", "is_superuser": false, "username": "noufm", "first_name": "", "last_name": "", "email": "n@gmail.com", "is_staff": false, "is_active": true, "date_joined": "2024-03-01T13:57:13.411Z", "groups": [], "user_permissions": []}}, {"model": "auth.user", "pk": 36, "fields": {"password": "pbkdf2_sha256$720000$DjbeIeI3YYd8kc7Kq3pGBM$xsUCiwkrP/b1Rb8mvpzLmhCUqtpZ/tI9x3rRBuzpgW4=", "last_login": "2024-03-03T11:53:56.701Z", "is_superuser": false, "username": "عف╟", "first_name": "", "last_name": "", "email": "mh@gmail.com", "is_staff": false, "is_active": true, "date_joined": "2024-03-03T11:53:29.229Z", "groups": [], "user_permissions": []}}, {"model": "auth.user", "pk": 38, "fields": {"password": "pbkdf2_sha256$720000$i2KA7lC8FhS9eyMFkMEFGY$hIPxZTJa6QvyEcvIBFDuVrCCkoZ3h+DAibe2B5W9THY=", "last_login": null, "is_superuser": false, "username": "no", "first_name": "", "last_name": "", "email": "hp@gmail.com", "is_staff": false, "is_active": true, "date_joined": "2024-03-03T21:54:15.416Z", "groups": [], "user_permissions": []}}, {"model": "auth.user", "pk": 39, "fields": {"password": "pbkdf2_sha256$720000$L3cRJaOTPmlyjblbjcyqrW$aaDjzxBIJBne+u+zILXt/dqbvq161cnwVDvsUH5R4I8=", "last_login": null, "is_superuser": false, "username": "uuu", "first_name": "", "last_name": "", "email": "uuu@gmail.com", "is_staff": false, "is_active": true, "date_joined": "2024-03-03T22:03:14.197Z", "groups": [], "user_permissions": []}}, {"model": "auth.user", "pk": 40, "fields": {"password": "pbkdf2_sha256$720000$ICSbkRQiH2PMEK1Wkw1mXc$p0UPyeNQQzg2bYG2INoHScGqxR35+Ty1aQsJzEzte1Y=", "last_login": null, "is_superuser": false, "username": "jjk", "first_name": "", "last_name": "", "email": "j@gmail.com", "is_staff": false, "is_active": true, "date_joined": "2024-03-04T05:49:16.851Z", "groups": [], "user_permissions": []}}, {"model": "auth.user", "pk": 42, "fields": {"password": "pbkdf2_sha256$720000$rUoNER76GqDn1Cu4NHxZzs$Ksj6S5sUvrpRllU98KuEMk4utfqO8fuGHZ+uQaCCIu4=", "last_login": "2024-03-04T09:01:55.281Z", "is_superuser": false, "username": "jo", "first_name": "", "last_name": "", "email": "jo@gmail.com", "is_staff": false, "is_active": true, "date_joined": "2024-03-04T09:01:30.726Z", "groups": [], "user_permissions": []}}, {"model": "auth.user", "pk": 43, "fields": {"password": "pbkdf2_sha256$720000$x5VpW5Pw1Zn1nftnQPCO4O$ZN7HbK1CNEzaLhoW/+y4/smH/aVeU0SolGqlhusHysY=", "last_login": "2024-03-04T12:03:18.333Z", "is_superuser": false, "username": "sultan", "first_name": "", "last_name": "", "email": "su@gmail.com", "is_staff": false, "is_active": true, "date_joined": "2024-03-04T12:03:16.073Z", "groups": [], "user_permissions": []}}, {"model": "auth.user", "pk": 44, "fields": {"password": "pbkdf2_sha256$720000$wQ0OvwanjITeuyTLfEuuwa$+jwaHYs9PVlekhB2IROiNoj0nkFZifE2rp1JkDaHISY=", "last_login": "2024-03-04T12:04:39.454Z", "is_superuser": false, "username": "sultanA", "first_name": "", "last_name": "", "email": "sua@gmail.com", "is_staff": false, "is_active": true, "date_joined": "2024-03-04T12:04:36.926Z", "groups": [], "user_permissions": []}}, {"model": "auth.user", "pk": 45, "fields": {"password": "pbkdf2_sha256$720000$4MlcQAryAcAluYnotl4JkY$GFWOnE7piwk1dAPdWLXs8ZzheCLvr3eGM6S2DFmchyQ=", "last_login": "2024-03-04T12:07:10.289Z", "is_superuser": false, "username": "غµ╤ف ┌", "first_name": "", "last_name": "", "email": "no@gmail.com", "is_staff": false, "is_active": true, "date_joined": "2024-03-04T12:06:42.333Z", "groups": [], "user_permissions": []}}, {"model": "auth.user", "pk": 46, "fields": {"password": "pbkdf2_sha256$720000$Izt8cEMoZ445iIlXTdItUA$AB4CMshb9948rZcJW9mUPOL65BO1K0sjImFndahTuug=", "last_login": "2024-03-04T12:08:20.050Z", "is_superuser": false, "username": "غµ▌ ▌", "first_name": "", "last_name": "", "email": "l@gmail.com", "is_staff": false, "is_active": true, "date_joined": "2024-03-04T12:07:54.937Z", "groups": [], "user_permissions": []}}, {"model": "auth.user", "pk": 47, "fields": {"password": "pbkdf2_sha256$720000$XYKQs6D4p6G1aUetO65S3T$XAqPF69Unsb4N1lrDEqD1SW6anseiLMyMwi7s6XkDsA=", "last_login": "2024-03-04T14:54:04.930Z", "is_superuser": false, "username": "abdullah", "first_name": "", "last_name": "", "email": "abdullah@gmail.com", "is_staff": false, "is_active": true, "date_joined": "2024-03-04T14:54:04.029Z", "groups": [], "user_permissions": []}}, {"model": "auth.user", "pk": 48, "fields": {"password": "pbkdf2_sha256$720000$9rXQXIZO8gN44kTIgXxWsk$9OdyjkjPP3kuoWJ20OB8Mc6mMLW3oLePUWHXZyOfgzY=", "last_login": "2024-03-04T16:42:03.154Z", "is_superuser": false, "username": "alanoodma", "first_name": "", "last_name": "", "email": "a@gmail.com", "is_staff": false, "is_active": true, "date_joined": "2024-03-04T16:42:02.254Z", "groups": [], "user_permissions": []}}, {"model": "auth.user", "pk": 49, "fields": {"password": "pbkdf2_sha256$720000$leBp6ItENLTjNyMQyp199U$8p33P0NVxDyp1iWzwU4OxKF6cYewSXjqy9Hso76nc18=", "last_login": "2024-03-04T16:48:44.584Z", "is_superuser": false, "username": "alanoodmma", "first_name": "", "last_name": "", "email": "a@gmail.com", "is_staff": false, "is_active": true, "date_joined": "2024-03-04T16:48:43.695Z", "groups": [], "user_permissions": []}}, {"model": "auth.user", "pk": 50, "fields": {"password": "pbkdf2_sha256$720000$7KzUOAMZkiVH3jEpEurYKX$us1cSgpOsZKXvvOFJ0OuHTuQ+2re2wv4u2Io1KxsaqY=", "last_login": "2024-03-05T00:07:24.725Z", "is_superuser": false, "username": "abdu", "first_name": "", "last_name": "", "email": "ab@gmail.com", "is_staff": false, "is_active": true, "date_joined": "2024-03-05T00:07:22.087Z", "groups": [], "user_permissions": []}}, {"model": "auth.user", "pk": 51, "fields": {"password": "pbkdf2_sha256$720000$3OpIXzMvy42qfJ7AulbQSP$FumbnjlCAarn2jTdvXQNUi+wnVtwxPeEoe+Vkm8K5VU=", "last_login": "2024-03-05T06:08:45.913Z", "is_superuser": false, "username": "╬╟ط╧", "first_name": "", "last_name": "", "email": "k@gmail.com", "is_staff": false, "is_active": true, "date_joined": "2024-03-05T06:08:43.638Z", "groups": [], "user_permissions": []}}, {"model": "auth.user", "pk": 52, "fields": {"password": "pbkdf2_sha256$720000$5Dw6fxwlDLBrtAZennNoqC$auShgm1YMmhFRXnrMP/bAplzZwiIL3k0AeE4CEG48hU=", "last_login": "2024-03-05T08:08:25.228Z", "is_superuser": false, "username": "فو╟", "first_name": "", "last_name": "", "email": "h@gmail.com", "is_staff": false, "is_active": true, "date_joined": "2024-03-05T08:08:22.683Z", "groups": [], "user_permissions": []}}, {"model": "auth.user", "pk": 53, "fields": {"password": "pbkdf2_sha256$720000$7X0Z2RD1As2jN5MeDE41hd$3Y/lwUeRLWm+Fz+tul9wqzMeCAR6NHFfjTTKWq9Hk+I=", "last_login": "2024-03-05T08:43:07.097Z", "is_superuser": false, "username": "غ╠µ╧", "first_name": "", "last_name": "", "email": "n@gmail.com", "is_staff": false, "is_active": true, "date_joined": "2024-03-05T08:43:04.509Z", "groups": [], "user_permissions": []}}, {"model": "auth.user", "pk": 54, "fields": {"password": "pbkdf2_sha256$720000$OizNgc6iGWcupI9ydUtmfN$HEPE69kv/9WoEQF0rOZbri4biOj4qh8BTorRkLpJCO4=", "last_login": "2024-03-05T08:44:17.761Z", "is_superuser": false, "username": "╘و╬ف ╬", "first_name": "", "last_name": "", "email": "a@gmail.com", "is_staff": false, "is_active": true, "date_joined": "2024-03-05T08:44:14.544Z", "groups": [], "user_permissions": []}}, {"model": "auth.user", "pk": 55, "fields": {"password": "pbkdf2_sha256$720000$wABnxYwVnx0er6vTx50hAz$bL+/1eBE/Ivb4fSF+RK4nnTsL86VTG414NRIatVUDEA=", "last_login": "2024-03-05T18:42:19.179Z", "is_superuser": false, "username": "alanoud m m", "first_name": "", "last_name": "", "email": "hp@gmail.com", "is_staff": false, "is_active": true, "date_joined": "2024-03-05T18:42:16.753Z", "groups": [], "user_permissions": []}}, {"model": "auth.user", "pk": 56, "fields": {"password": "pbkdf2_sha256$720000$HtCO2MhbotmL8accTs6o5m$2E3o6OdY55u93EnUOmMJcQwsdEnP2W/Qdh3pu/zYZIA=", "last_login": "2024-03-05T19:09:19.122Z", "is_superuser": false, "username": "nouf m m", "first_name": "", "last_name": "", "email": "s@gmail.com", "is_staff": false, "is_active": true, "date_joined": "2024-03-05T19:09:17.389Z", "groups": [], "user_permissions": []}}, {"model": "auth.user", "pk": 57, "fields": {"password": "pbkdf2_sha256$720000$NnzHrvZ8hpGX5eJpHRTmht$WzYAMQKX934Zd7Q8inhbYOuC7ALp3KXWHAgyU4lFxiA=", "last_login": "2024-03-05T23:19:06.882Z", "is_superuser": false, "username": "saleh", "first_name": "", "last_name": "", "email": "s@gmail.com", "is_staff": false, "is_active": true, "date_joined": "2024-03-05T20:12:06.509Z", "groups": [], "user_permissions": []}}, {"model": "auth.user", "pk": 58, "fields": {"password": "pbkdf2_sha256$720000$s1nGYqYuLdDIGAFEzPV5v9$/pQsaqSnCpzvpHSfFiDrGHJS2kTpQm1z9XKiy7n0gls=", "last_login": "2024-03-05T22:22:22.634Z", "is_superuser": false, "username": "sma", "first_name": "", "last_name": "", "email": "s@gmail.com", "is_staff": false, "is_active": true, "date_joined": "2024-03-05T22:22:21.754Z", "groups": [], "user_permissions": []}}, {"model": "auth.user", "pk": 59, "fields": {"password": "pbkdf2_sha256$720000$rxQYu34QvEgoEf7tAHMSI3$o9IM8ix6cnlL9uJmd7/zgAzrRTC6ztcnT/Lx3Bd6yE0=", "last_login": "2024-03-05T22:23:05.598Z", "is_superuser": false, "username": "╙ع╟", "first_name": "", "last_name": "", "email": "hp@gmail.com", "is_staff": false, "is_active": true, "date_joined": "2024-03-05T22:23:04.685Z", "groups": [], "user_permissions": []}}, {"model": "auth.user", "pk": 60, "fields": {"password": "pbkdf2_sha256$720000$2tfhh5YPksc9BQ9ebcYaDn$H4crjHQidxriAJC4XaUNoCYqilr+i7fkJQOxQDfuROA=", "last_login": "2024-03-05T22:24:42.389Z", "is_superuser": false, "username": "smaa", "first_name": "", "last_name": "", "email": "s@gmail.com", "is_staff": false, "is_active": true, "date_joined": "2024-03-05T22:24:08.747Z", "groups": [], "user_permissions": []}}, {"model": "auth.user", "pk": 62, "fields": {"password": "pbkdf2_sha256$720000$tHpSyPChBO7QXoWs3ZnY7Z$dvX6gjWU3duv6f4indg2comYKb2b4cuy2qZEBrKd078=", "last_login": "2024-03-05T22:37:09.724Z", "is_superuser": false, "username": "alanoodoo", "first_name": "", "last_name": "", "email": "hp@gmail.com", "is_staff": false, "is_active": true, "date_joined": "2024-03-05T22:37:08.850Z", "groups": [], "user_permissions": []}}, {"model": "auth.user", "pk": 63, "fields": {"password": "pbkdf2_sha256$720000$UjcXKijzJBeIPx2bnw3yyI$rhQTHCCklUvuC06eGG48XMDsEp8i1T6eFz9peZI1Bc4=", "last_login": "2024-03-05T22:38:41.286Z", "is_superuser": false, "username": "alanoodo", "first_name": "", "last_name": "", "email": "hp@gmail.com", "is_staff": false, "is_active": true, "date_joined": "2024-03-05T22:38:40.368Z", "groups": [], "user_permissions": []}}, {"model": "auth.user", "pk": 64, "fields": {"password": "pbkdf2_sha256$720000$9XwQCf9SGZpzCHbTfw3D9w$cz2EKFQGj/1MioUXnjpdMPVJQM1EFohfJpPuuGGR/II=", "last_login": "2024-03-05T23:13:16.657Z", "is_superuser": false, "username": "╙┌µ╧", "first_name": "", "last_name": "", "email": "s@gmail.com", "is_staff": false, "is_active": true, "date_joined": "2024-03-05T23:12:30.401Z", "groups": [], "user_permissions": []}}, {"model": "auth.user", "pk": 65, "fields": {"password": "pbkdf2_sha256$720000$6jMjdpoF9m2GVx75Vfh4SR$qG9ClNKR/ZcGHHCB9TqpS4kr3TCx4LSsVg91lwI/eLg=", "last_login": "2024-03-05T23:14:07.039Z", "is_superuser": false, "username": "▌ف╧", "first_name": "", "last_name": "", "email": "r@gmail.com", "is_staff": false, "is_active": true, "date_joined": "2024-03-05T23:14:05.996Z", "groups": [], "user_permissions": []}}, {"model": "auth.user", "pk": 66, "fields": {"password": "pbkdf2_sha256$720000$3iSTERmKuezkbOafsmOUrb$468eRDS/7uGfZ1DfOtB3Q+O8Q69JuODrnRzINUBZfaA=", "last_login": "2024-03-05T23:19:51.464Z", "is_superuser": false, "username": "╟ط┌غµ╧", "first_name": "", "last_name": "", "email": "s@gmail.com", "is_staff": false, "is_active": true, "date_joined": "2024-03-05T23:19:50.506Z", "groups": [], "user_permissions": []}}, {"model": "auth.user", "pk": 67, "fields": {"password": "pbkdf2_sha256$720000$4IAxl7JXKZmEq89xdDnXhL$aOUSq1MSuUQR+svww/4jOBjqhf/fZvgIL3wXvvIBIK4=", "last_login": "2024-03-05T23:21:14.152Z", "is_superuser": false, "username": "╙┌╧", "first_name": "", "last_name": "", "email": "s@gmail.com", "is_staff": false, "is_active": true, "date_joined": "2024-03-05T23:21:13.117Z", "groups": [], "user_permissions": []}}, {"model": "auth.user", "pk": 68, "fields": {"password": "pbkdf2_sha256$720000$331h6QFC1F4Eeo7VoZFYJY$+gfAJuYPo4s/788gx07KivtoL5BcPfa34vVOt11lxpc=", "last_login": "2024-03-11T23:12:55.592Z", "is_superuser": false, "username": "noufa", "first_name": "", "last_name": "", "email": "noufa@gmail.com", "is_staff": false, "is_active": true, "date_joined": "2024-03-11T23:12:52.397Z", "groups": [], "user_permissions": []}}, {"model": "auth.user", "pk": 69, "fields": {"password": "pbkdf2_sha256$720000$32H6ZPejI89BYx7RtNKvfR$zsPPFkuaXDdE7YGvukaYxi9QD324ElVZKnMo6dc7l+I=", "last_login": "2024-03-11T23:15:43.773Z", "is_superuser": false, "username": "noufo", "first_name": "", "last_name": "", "email": "hp@gmail.com", "is_staff": false, "is_active": true, "date_joined": "2024-03-11T23:15:02.012Z", "groups": [], "user_permissions": []}}, {"model": "auth.user", "pk": 70, "fields": {"password": "pbkdf2_sha256$720000$gWIUnrv7sv1TUkDmG3hR9e$juhkuKAlKw6dgNNPS0hLYBgLMMmV0CTE+8EqZwMnGY8=", "last_login": "2024-03-13T21:32:20.358Z", "is_superuser": true, "username": "lahjAdmin", "first_name": "", "last_name": "", "email": "", "is_staff": true, "is_active": true, "date_joined": "2024-03-13T00:11:45.703Z", "groups": [], "user_permissions": []}}, {"model": "auth.user", "pk": 71, "fields": {"password": "pbkdf2_sha256$720000$YQJOsisFP2pkreJKuTIL8l$VgSI0inYRbHFyifAqt7W3M7UpH0MzRrS4+FwASEaE84=", "last_login": "2024-03-13T22:39:47.214Z", "is_superuser": false, "username": "khaled saad", "first_name": "", "last_name": "", "email": "khaled@gmail.com", "is_staff": false, "is_active": true, "date_joined": "2024-03-13T19:01:02.555Z", "groups": [], "user_permissions": []}}, {"model": "auth.user", "pk": 72, "fields": {"password": "pbkdf2_sha256$720000$JOck828U8L63ftuoGXAJKw$UpUBxNC8bpCsJ1SgXxnk3kuvzGK+FuhxvXH7gO3aAxQ=", "last_login": "2024-03-13T19:41:19.778Z", "is_superuser": false, "username": "sara ali", "first_name": "", "last_name": "", "email": "s@gmail.com", "is_staff": false, "is_active": true, "date_joined": "2024-03-13T19:41:18.148Z", "groups": [], "user_permissions": []}}, {"model": "auth.user", "pk": 73, "fields": {"password": "pbkdf2_sha256$720000$c4yyKyGgebWEWWd3ze9c38$kzgbIiWiEaKWAJdAhsS/pd9wxVPysDHqa1HZEd7zuw8=", "last_login": "2024-03-13T19:44:10.047Z", "is_superuser": false, "username": "ع═ع╧ ╚غ ╬╟ط╧", "first_name": "", "last_name": "", "email": "a@gmail.com", "is_staff": false, "is_active": true, "date_joined": "2024-03-13T19:44:08.051Z", "groups": [], "user_permissions": []}}, {"model": "auth.user", "pk": 74, "fields": {"password": "pbkdf2_sha256$720000$0jUocqx5PVGAujAHXRKo2A$V58cHzFgOFmBOdWSfaGthM5eC2N8wRlF6s5YPKIAk6o=", "last_login": "2024-03-13T19:48:25.528Z", "is_superuser": false, "username": "غµ▌ ╚╧╤", "first_name": "", "last_name": "", "email": "s@gmail.com", "is_staff": false, "is_active": true, "date_joined": "2024-03-13T19:48:23.529Z", "groups": [], "user_permissions": []}}, {"model": "auth.user", "pk": 75, "fields": {"password": "pbkdf2_sha256$720000$Uv36hFtZEugvER82rJIWSF$ArtSMnHa1jImqZcUrLjv9BOsHfwtz6KCbu8Rwsi+iYA=", "last_login": "2024-03-13T19:49:51.218Z", "is_superuser": false, "username": "╚غ╧╤ ╚غ ┌╚╧╟ططف", "first_name": "", "last_name": "", "email": "b@gmail.com", "is_staff": false, "is_active": true, "date_joined": "2024-03-13T19:49:49.310Z", "groups": [], "user_permissions": []}}, {"model": "auth.user", "pk": 76, "fields": {"password": "pbkdf2_sha256$720000$nmN86ASqjGrZZgqdiGgDHs$NXlXT827HebjL+VANCE3PIoGSNOFsdphKGKdhmbYLC0=", "last_login": "2024-03-13T19:50:54.266Z", "is_superuser": false, "username": "غµ╤ف ╟ط┌ع╤", "first_name": "", "last_name": "", "email": "n@gmail.com", "is_staff": false, "is_active": true, "date_joined": "2024-03-13T19:50:52.433Z", "groups": [], "user_permissions": []}}, {"model": "auth.user", "pk": 79, "fields": {"password": "pbkdf2_sha256$720000$ZN63YapWVa8YDR84vGveGe$SPNHMK0+6iyBzpFzjuj2fmibBzqqE/JywH44ZGTBYJE=", "last_login": "2024-03-13T19:52:00.499Z", "is_superuser": false, "username": "غµ╤ف ╟ط┌ع╤µ", "first_name": "", "last_name": "", "email": "n@gmail.com", "is_staff": false, "is_active": true, "date_joined": "2024-03-13T19:51:57.869Z", "groups": [], "user_permissions": []}}, {"model": "auth.user", "pk": 80, "fields": {"password": "pbkdf2_sha256$720000$thKtTyua7FW5VxYl6qXX6S$/6M4qSLYqBe6KlmKPIg2esh2QkWxSI6EHESYDfWaXIM=", "last_login": "2024-03-16T01:23:50.545Z", "is_superuser": false, "username": "alanood m", "first_name": "", "last_name": "", "email": "a@gmail.com", "is_staff": false, "is_active": true, "date_joined": "2024-03-16T01:23:47.070Z", "groups": [], "user_permissions": []}}, {"model": "auth.user", "pk": 81, "fields": {"password": "pbkdf2_sha256$720000$9DhYyaIWhZqGSHHjpg4iRQ$XUiANnDtOo/dwoK3O8ta+/UQNCGMeweG7O/2bzNPvqY=", "last_login": "2024-03-16T01:36:12.294Z", "is_superuser": false, "username": "غµ╤ف ╟ط┌ع╤و", "first_name": "", "last_name": "", "email": "n@gmail.com", "is_staff": false, "is_active": true, "date_joined": "2024-03-16T01:36:09.686Z", "groups": [], "user_permissions": []}}, {"model": "auth.user", "pk": 82, "fields": {"password": "pbkdf2_sha256$720000$5465pPnnwKgJPekSFo7kOu$TVfGwthaGmJnX4B3VkWmvNxpCxJTHPLN0Dxv8potydU=", "last_login": "2024-03-16T20:26:22.783Z", "is_superuser": false, "username": "alanood naser", "first_name": "", "last_name": "", "email": "n@gmail.com", "is_staff": false, "is_active": true, "date_joined": "2024-03-16T20:26:20.213Z", "groups": [], "user_permissions": []}}, {"model": "auth.user", "pk": 83, "fields": {"password": "pbkdf2_sha256$720000$twXYmqWOiolk3nLZBSHm9Q$93csi3G9AzyiR9QZ3ua0BK0GNELPJK28QbBHeEXXM1E=", "last_login": "2024-03-16T23:37:12.849Z", "is_superuser": false, "username": "nouf naser", "first_name": "", "last_name": "", "email": "n@gmail.com", "is_staff": false, "is_active": true, "date_joined": "2024-03-16T23:36:37.019Z", "groups": [], "user_permissions": []}}, {"model": "auth.user", "pk": 84, "fields": {"password": "pbkdf2_sha256$720000$WTxDP0vU55j6xk0qJRm7Xv$Az3yoU6X5lhn8cxg1rPbDbhX4mdKmxkVZWRbWNpNgJc=", "last_login": "2024-03-19T23:23:59.152Z", "is_superuser": false, "username": "╬╟ط╧ ┌╚╧╟ططف", "first_name": "", "last_name": "", "email": "khaled@gmail.com", "is_staff": false, "is_active": true, "date_joined": "2024-03-17T04:40:24.700Z", "groups": [], "user_permissions": []}}, {"model": "auth.user", "pk": 85, "fields": {"password": "pbkdf2_sha256$720000$sf9fEYxNPhvBsqSZXFzIEN$GzI4PIs7j+VoI7gnMlnP97v4HlC9yR7WX86Fzz/8rb8=", "last_login": "2024-03-17T05:59:24.457Z", "is_superuser": false, "username": "╟ط┌غµ╧ ┌ع╤", "first_name": "", "last_name": "", "email": "a@gmail.com", "is_staff": false, "is_active": true, "date_joined": "2024-03-17T04:46:55.403Z", "groups": [], "user_permissions": []}}, {"model": "auth.user", "pk": 86, "fields": {"password": "pbkdf2_sha256$720000$m4ulXCWt9oaT1AVzn97dDw$fL0+1Gl86tBpIfIPnGALIMMlTMBwFtK75+6H7R9ePnc=", "last_login": "2024-03-22T02:56:38.244Z", "is_superuser": true, "username": "lahjadmin1", "first_name": "", "last_name": "", "email": "", "is_staff": true, "is_active": true, "date_joined": "2024-03-17T05:28:56.888Z", "groups": [], "user_permissions": []}}, {"model": "auth.user", "pk": 87, "fields": {"password": "pbkdf2_sha256$720000$8w7jo32aFAYWBA0S6v7pQI$6mlFMHkdYxU1YT3BZslCINiPRK0pU3eq+Cp+RFrylzM=", "last_login": "2024-03-18T22:51:16.126Z", "is_superuser": false, "username": "┌╚╧╟ططف ╙╟طع", "first_name": "", "last_name": "", "email": "s@gmail.com", "is_staff": false, "is_active": true, "date_joined": "2024-03-18T22:51:14.471Z", "groups": [], "user_permissions": []}}, {"model": "auth.user", "pk": 88, "fields": {"password": "pbkdf2_sha256$720000$FKN3H3ewYV7Xb4KiRvi6jV$Bj5JHo3/+zx1dzUmAZ1MczDAdjFrOyasnDHyi4s/qEA=", "last_login": "2024-03-18T22:53:08.198Z", "is_superuser": false, "username": "alanood abdu", "first_name": "", "last_name": "", "email": "a@gmail.com", "is_staff": false, "is_active": true, "date_joined": "2024-03-18T22:53:06.465Z", "groups": [], "user_permissions": []}}, {"model": "auth.user", "pk": 89, "fields": {"password": "pbkdf2_sha256$720000$wGgh8nuKxm1sfvcndCPjMy$dE7/L2RG2oCW3ds+plPqgeAFkKernmP/AXto6mkBNQw=", "last_login": "2024-03-18T22:55:17.278Z", "is_superuser": false, "username": "╙╟╤ف ┌", "first_name": "", "last_name": "", "email": "s@gmail.com", "is_staff": false, "is_active": true, "date_joined": "2024-03-18T22:54:53.595Z", "groups": [], "user_permissions": []}}, {"model": "auth.user", "pk": 90, "fields": {"password": "pbkdf2_sha256$720000$iC0qd6LsVLK0WnLTfudsNg$P6mKbv3GfGQENv+ImVK1Uxx3ulJEdWgdYFTLQX3QxgE=", "last_login": "2024-03-20T19:53:20.748Z", "is_superuser": false, "username": "غµ╤ف ع═ع╧", "first_name": "", "last_name": "", "email": "n@gmail.com", "is_staff": false, "is_active": true, "date_joined": "2024-03-20T19:53:19.748Z", "groups": [], "user_permissions": []}}, {"model": "auth.user", "pk": 91, "fields": {"password": "pbkdf2_sha256$720000$XphsMxTQkwZo5upGFKscC2$nST7QspschM6E1K/NWlt1L4AQGKJjaJ3otYYN8R/oN8=", "last_login": "2024-03-23T21:36:09.022Z", "is_superuser": false, "username": "Nora khaled", "first_name": "", "last_name": "", "email": "Nora@gmail.com", "is_staff": false, "is_active": true, "date_joined": "2024-03-20T19:58:28.795Z", "groups": [], "user_permissions": []}}, {"model": "auth.user", "pk": 92, "fields": {"password": "pbkdf2_sha256$720000$k6tFHDbK1tCGv3INj0KoF5$vb+qke9JaH0bS9onU3FzV41CnsBdpT8XrkyBQw/1j/c=", "last_login": "2024-03-20T20:07:13.594Z", "is_superuser": false, "username": "Nora Amr", "first_name": "", "last_name": "", "email": "n@gmail.com", "is_staff": false, "is_active": true, "date_joined": "2024-03-20T20:07:12.678Z", "groups": [], "user_permissions": []}}, {"model": "auth.user", "pk": 93, "fields": {"password": "pbkdf2_sha256$720000$5zbURQ0XOiTSx4wgyNKevS$9fir+SvP8bdufymZJEydMg0zaQ4vFp36LrPGm2fmcqg=", "last_login": "2024-03-20T20:15:53.710Z", "is_superuser": false, "username": "غµ╤ف ╙┌╧", "first_name": "", "last_name": "", "email": "n@gmail.com", "is_staff": false, "is_active": true, "date_joined": "2024-03-20T20:15:51.298Z", "groups": [], "user_permissions": []}}, {"model": "auth.user", "pk": 94, "fields": {"password": "pbkdf2_sha256$720000$g28ddF0JPmpli0rjLweFBD$obv23dMAQiNNKQjr8YW7iic9TmxYI0/88peNWAmnDbg=", "last_login": "2024-03-20T21:07:43.608Z", "is_superuser": false, "username": "╙┌╧ ╙┌µ╧", "first_name": "", "last_name": "", "email": "s@gmail.com", "is_staff": false, "is_active": true, "date_joined": "2024-03-20T21:07:40.946Z", "groups": [], "user_permissions": []}}, {"model": "auth.user", "pk": 95, "fields": {"password": "pbkdf2_sha256$720000$AqFGHA22NU9hzrayzxHZFs$X63eYIKTjBNitV2TY9vFxJ9J/+3PkVNlxW9cISB0Uj8=", "last_login": "2024-03-21T01:03:32.791Z", "is_superuser": false, "username": "غµ╤ف ╙┌µ╧", "first_name": "", "last_name": "", "email": "n@gmail.com", "is_staff": false, "is_active": true, "date_joined": "2024-03-21T01:03:31.652Z", "groups": [], "user_permissions": []}}, {"model": "auth.user", "pk": 96, "fields": {"password": "pbkdf2_sha256$720000$n9ZTCwlWPQm903EHm6AFJl$2+BFKtw2uZWq8/NMhz8ZkGaVD+xfMRQ5qPJW197Fxl4=", "last_login": "2024-03-22T01:58:40.910Z", "is_superuser": false, "username": "طعه", "first_name": "", "last_name": "", "email": "l@gmail.com", "is_staff": false, "is_active": true, "date_joined": "2024-03-22T01:58:38.269Z", "groups": [], "user_permissions": []}}, {"model": "auth.user", "pk": 97, "fields": {"password": "pbkdf2_sha256$720000$vDHSGpyCDoBw0saspQeAhE$Lth+HRYwWhx/uQ3AJmyDINMDVryY4bVXPVkrqNkiTdI=", "last_login": "2024-03-22T03:41:30.925Z", "is_superuser": false, "username": "┌ع╤ ع═ع╧", "first_name": "", "last_name": "", "email": "a@gmail.com", "is_staff": false, "is_active": true, "date_joined": "2024-03-22T03:40:17.613Z", "groups": [], "user_permissions": []}}, {"model": "auth.user", "pk": 98, "fields": {"password": "pbkdf2_sha256$720000$UQLuEDUdokrl4mLgFl92i1$8zxrgRqzezN9rbpj70vrXxZfRaApf27xJQ6Sju+maxQ=", "last_login": "2024-03-22T03:43:49.266Z", "is_superuser": false, "username": "┌ع╤ ╙┌╧", "first_name": "", "last_name": "", "email": "a@gmail.com", "is_staff": false, "is_active": true, "date_joined": "2024-03-22T03:42:19.418Z", "groups": [], "user_permissions": []}}, {"model": "contenttypes.contenttype", "pk": 1, "fields": {"app_label": "admin", "model": "logentry"}}, {"model": "contenttypes.contenttype", "pk": 2, "fields": {"app_label": "auth", "model": "permission"}}, {"model": "contenttypes.contenttype", "pk": 3, "fields": {"app_label": "auth", "model": "group"}}, {"model": "contenttypes.contenttype", "pk": 4, "fields": {"app_label": "auth", "model": "user"}}, {"model": "contenttypes.contenttype", "pk": 5, "fields": {"app_label": "contenttypes", "model": "contenttype"}}, {"model": "contenttypes.contenttype", "pk": 6, "fields": {"app_label": "sessions", "model": "session"}}, {"model": "contenttypes.contenttype", "pk": 7, "fields": {"app_label": "home", "model": "homeowner"}}, {"model": "contenttypes.contenttype", "pk": 8, "fields": {"app_label": "home", "model": "message"}}, {"model": "contenttypes.contenttype", "pk": 9, "fields": {"app_label": "home", "model": "professional"}}, {"model": "contenttypes.contenttype", "pk": 10, "fields": {"app_label": "home", "model": "orderrequest"}}, {"model": "contenttypes.contenttype", "pk": 11, "fields": {"app_label": "home", "model": "order"}}, {"model": "contenttypes.contenttype", "pk": 12, "fields": {"app_label": "home", "model": "professionalphoto"}}, {"model": "contenttypes.contenttype", "pk": 13, "fields": {"app_label": "home", "model": "quote"}}, {"model": "contenttypes.contenttype", "pk": 14, "fields": {"app_label": "home", "model": "userprofile"}}, {"model": "contenttypes.contenttype", "pk": 15, "fields": {"app_label": "home", "model": "previouswork"}}, {"model": "contenttypes.contenttype", "pk": 16, "fields": {"app_label": "home", "model": "wishlist"}}, {"model": "contenttypes.contenttype", "pk": 17, "fields": {"app_label": "home", "model": "previousworkimage"}}, {"model": "contenttypes.contenttype", "pk": 18, "fields": {"app_label": "home", "model": "projectimage"}}, {"model": "sessions.session", "pk": "5v8lenugu2sudfpkyk5iw7hybx9gy7jb", "fields": {"session_data": ".eJxVjEsOwjAMBe-SNYqcjyPCkj1niOzYpQXUSP2sKu4OlbqA7ZuZt5lC69KXddapDGIuJkRz-h2Z6lPHnciDxnuztY3LNLDdFXvQ2d6a6Ot6uH8HPc39t2anlNCpl6geHCRBJokCkpVj6hAZKHKG1EEXz96BVsaaQwBUrNW8PxncOHQ:1rg3KG:bzxiBPOyuLgPLX1LR5EKFA7sSAlH6L6PwuRCQe2o5wE", "expire_date": "2024-03-15T13:53:24.262Z"}}, {"model": "sessions.session", "pk": "6ulawaisosvnjshamszr3hbc03nr4skw", "fields": {"session_data": "e30:1rn27D:uMQB7-FFsVC-ezQFWk81sHxcQ8eSTq8waaRZWYtecZA", "expire_date": "2024-04-03T20:00:47.882Z"}}, {"model": "sessions.session", "pk": "6z80jh55vp13kojzgavxvp7htbiqsus6", "fields": {"session_data": ".eJxVjDsOwjAQBe_iGlkbfzElPWew1rsLDiBHipMKcXeIlALaNzPvpTKuS81rlzmPrE4qBnX4HQvSQ9pG-I7tNmma2jKPRW-K3mnXl4nled7dv4OKvX7rIxjvIIUBgJKYiMHZEAlsAgORkr-KTYXJCXFk4wWCAKEzSNYP3qv3B9czNz0:1rkUco:IBmjJZ3QhLwMLNFMPCEktD4wplSc11AqU3v_Twnq46Y", "expire_date": "2024-03-27T19:50:54.267Z"}}, {"model": "sessions.session", "pk": "d99p447cxpaukzyyz4vrj1sbbjbw89ls", "fields": {"session_data": ".eJxVjEEOwiAQRe_C2hCBUgaX7nsGMsCMVA0kpV0Z765NutDtf-_9lwi4rSVsnZYwZ3ERMIrT7xgxPajuJN-x3ppMra7LHOWuyIN2ObVMz-vh_h0U7OVb82gsM2s7WHYqAusUPVHCQSGcdTIua-tgSN55ZGeUQSKOkBk9Q9bi_QEoNTkb:1rnV5C:l_MiBwtVFrZJuH5NoEjMc2YPMdcOp_E3V18gidmmbRo", "expire_date": "2024-04-05T02:56:38.249Z"}}, {"model": "sessions.session", "pk": "g4r3ky2c0gg8xs2t01te92kz8ak8zini", "fields": {"session_data": ".eJxVjMsOwiAQRf-FtSFAZyi4dO83kBkeUjU0Ke3K-O_apAvd3nPOfYlA21rD1vMSpiTOwoE4_Y5M8ZHbTtKd2m2WcW7rMrHcFXnQLq9zys_L4f4dVOr1W3tiLs4gYLKEiZBtNhHMAIXZOsWjzlZBZOtRF4fajABDdFl5z55AvD8Xrjfi:1rm0BG:mi688T2GP3uF1F3QXDeVVeLKQ1N9N2eqW6ogv_qEy8k", "expire_date": "2024-03-31T23:44:42.640Z"}}, {"model": "sessions.session", "pk": "l4j8u411efqqpabnpiabxr71amt617v8", "fields": {"session_data": ".eJxVjMsOgjAQRf-la9MAHftw6Z5vIHc6raCmJBRWxn9XEha6veec-1IDtnUctpqWYRJ1UcGo0-_IiI9UdiJ3lNus41zWZWK9K_qgVfezpOf1cP8ORtTxWyOIUBQkdIY8TGzQkfdOyHIbrXAOZ5-5y-RaS4BrPTcAGYPobCb1_gAw_Ti_:1rn2Lp:vLmC-wFqy-pW8MmLEDV1k-RzedZ3-oE3bYOfmHmhCCA", "expire_date": "2024-04-03T20:15:53.714Z"}}, {"model": "sessions.session", "pk": "lq18cm29hp89lo45aqvxrzzplbxc3v1g", "fields": {"session_data": "e30:1rfMdK:dBoLWhjjX8BKfA1QdJdlJR79cd5I-VpCkxKQTxfbX9E", "expire_date": "2024-03-13T16:18:14.545Z"}}, {"model": "sessions.session", "pk": "nibwa7k5gkumw925kd9fxzkjyuhlj4ry", "fields": {"session_data": ".eJxVjDEOwjAMRe-SGUUmJDFhZOcMkR0bUkCp1LQT4u5QqQOs_733XybTMte8dJ3yIOZkotn9bkzloW0Fcqd2G20Z2zwNbFfFbrTbyyj6PG_u30GlXr81HckhcDpwVE0o3geApLpXcS4yiFBMVBxSCp4C-1CuSFgiAQIqm_cH8bM4Xw:1rf01q:hzHRt7bev-j6vUoaCzF0O4T6-4wk4ZZ5cKYYsMqvBnk", "expire_date": "2024-03-12T16:10:02.141Z"}}, {"model": "sessions.session", "pk": "skwthavjdzy1qsfbdg4q072g7b5vmlv0", "fields": {"session_data": "e30:1rn200:Y_UqPAMB2iUFPVqeAqUtueLXSuwYHuP4ST4QLvtUxyM", "expire_date": "2024-04-03T19:53:20.745Z"}}, {"model": "home.homeowner", "pk": 1, "fields": {"user": 1, "phone": null, "address": "", "photo": ""}}, {"model": "home.homeowner", "pk": 2, "fields": {"user": 4, "phone": null, "address": "", "photo": ""}}, {"model": "home.homeowner", "pk": 3, "fields": {"user": 16, "phone": null, "address": "", "photo": ""}}, {"model": "home.homeowner", "pk": 4, "fields": {"user": 17, "phone": "0508899000", "address": "riad", "photo": "homeowner_photos/profile_l2bvKSi.jpg"}}, {"model": "home.homeowner", "pk": 5, "fields": {"user": 18, "phone": null, "address": "", "photo": ""}}, {"model": "home.homeowner", "pk": 6, "fields": {"user": 19, "phone": null, "address": "", "photo": ""}}, {"model": "home.homeowner", "pk": 7, "fields": {"user": 20, "phone": null, "address": "", "photo": ""}}, {"model": "home.homeowner", "pk": 8, "fields": {"user": 21, "phone": null, "address": "", "photo": ""}}, {"model": "home.homeowner", "pk": 9, "fields": {"user": 27, "phone": null, "address": "", "photo": ""}}, {"model": "home.homeowner", "pk": 10, "fields": {"user": 30, "phone": null, "address": "", "photo": ""}}, {"model": "home.homeowner", "pk": 11, "fields": {"user": 31, "phone": null, "address": "", "photo": ""}}, {"model": "home.homeowner", "pk": 12, "fields": {"user": 32, "phone": null, "address": "", "photo": ""}}, {"model": "home.homeowner", "pk": 13, "fields": {"user": 33, "phone": null, "address": "", "photo": ""}}, {"model": "home.homeowner", "pk": 14, "fields": {"user": 34, "phone": null, "address": "", "photo": ""}}, {"model": "home.homeowner", "pk": 15, "fields": {"user": 35, "phone": null, "address": "", "photo": ""}}, {"model": "home.homeowner", "pk": 16, "fields": {"user": 36, "phone": null, "address": "", "photo": ""}}, {"model": "home.homeowner", "pk": 17, "fields": {"user": 42, "phone": null, "address": "", "photo": ""}}, {"model": "home.homeowner", "pk": 18, "fields": {"user": 43, "phone": null, "address": "", "photo": ""}}, {"model": "home.homeowner", "pk": 19, "fields": {"user": 46, "phone": null, "address": "", "photo": ""}}, {"model": "home.homeowner", "pk": 20, "fields": {"user": 52, "phone": null, "address": "", "photo": "homeowner_photos/HEADER_liYAt2N.PNG"}}, {"model": "home.homeowner", "pk": 21, "fields": {"user": 53, "phone": null, "address": "", "photo": ""}}, {"model": "home.homeowner", "pk": 22, "fields": {"user": 55, "phone": null, "address": "", "photo": "homeowner_photos/HEADER_cA54gr0.PNG"}}, {"model": "home.homeowner", "pk": 23, "fields": {"user": 59, "phone": null, "address": "", "photo": "homeowner_photos/LOGO-LAHJ_ljsdgi0.png"}}, {"model": "home.homeowner", "pk": 24, "fields": {"user": 60, "phone": "8888", "address": "riad", "photo": "homeowner_photos/between_HW3ok1n.PNG"}}, {"model": "home.homeowner", "pk": 25, "fields": {"user": 62, "phone": "8888", "address": "riad", "photo": "homeowner_photos/feature1_LLxCt63.png"}}, {"model": "home.homeowner", "pk": 26, "fields": {"user": 65, "phone": "kj", "address": "kj", "photo": "homeowner_photos/ksu_logo.png"}}, {"model": "home.homeowner", "pk": 27, "fields": {"user": 66, "phone": "05066", "address": "kj", "photo": "homeowner_photos/feature1_6m6oLBs.png"}}, {"model": "home.homeowner", "pk": 28, "fields": {"user": 68, "phone": "8888", "address": "riad", "photo": ""}}, {"model": "home.homeowner", "pk": 29, "fields": {"user": 85, "phone": null, "address": "", "photo": "homeowner_photos/profile1.jpg"}}, {"model": "home.homeowner", "pk": 30, "fields": {"user": 88, "phone": null, "address": "", "photo": ""}}, {"model": "home.homeowner", "pk": 31, "fields": {"user": 89, "phone": null, "address": "", "photo": ""}}, {"model": "home.homeowner", "pk": 32, "fields": {"user": 92, "phone": null, "address": "", "photo": ""}}, {"model": "home.homeowner", "pk": 33, "fields": {"user": 93, "phone": null, "address": "", "photo": ""}}, {"model": "home.homeowner", "pk": 34, "fields": {"user": 97, "phone": "0555555556", "address": "riyadh", "photo": "homeowner_photos/profile1_uiqJcYX.jpg"}}, {"model": "home.professional", "pk": 19, "fields": {"user": 71, "user_profile": null, "phone": "0508899008", "address": "riyadh", "bio": "interior designer with 8y experience", "job": "Interior-designer", "previous_work": "", "photo": ""}}, {"model": "home.professional", "pk": 20, "fields": {"user": 72, "user_profile": null, "phone": "0555555559", "address": "riyadh", "bio": "عفغ╧╙╔ ع┌ع╟╤و╔ ╚╬╚╤╔ 9", "job": "architect", "previous_work": "", "photo": ""}}, {"model": "home.professional", "pk": 21, "fields": {"user": 73, "user_profile": null, "phone": "0555555558", "address": "riyadh", "bio": "ع╒عع ╧╟╬طو", "job": "Interior-designer", "previous_work": "", "photo": ""}}, {"model": "home.professional", "pk": 22, "fields": {"user": 74, "user_profile": null, "phone": "0555555557", "address": "riyadh", "bio": "عفغ╧╙╔ ع┌ع╟╤و╔", "job": "architect", "previous_work": "", "photo": ""}}, {"model": "home.professional", "pk": 23, "fields": {"user": 75, "user_profile": null, "phone": "0555555556", "address": "riyadh", "bio": "na", "job": "Interior-designer", "previous_work": "", "photo": ""}}, {"model": "home.professional", "pk": 24, "fields": {"user": 76, "user_profile": null, "phone": "0555555556", "address": "riyadh", "bio": "-", "job": "Interior-designer", "previous_work": "", "photo": ""}}, {"model": "home.professional", "pk": 25, "fields": {"user": 79, "user_profile": null, "phone": "0555555556", "address": "riyadh", "bio": "-", "job": "Interior-designer", "previous_work": "", "photo": ""}}, {"model": "home.professional", "pk": 26, "fields": {"user": 80, "user_profile": null, "phone": "0555555566", "address": "riyadh", "bio": "interior design", "job": "Interior-designer", "previous_work": "previous_work/pro1_t73pXn5.jpg", "photo": ""}}, {"model": "home.professional", "pk": 27, "fields": {"user": 81, "user_profile": null, "phone": "0555555999", "address": "riyadh", "bio": "interior design", "job": "Interior-designer", "previous_work": "previous_work/pro6_exgjOzX.jpg", "photo": ""}}, {"model": "home.professional", "pk": 28, "fields": {"user": 82, "user_profile": null, "phone": "0555555576", "address": "riyadh", "bio": "interior design", "job": "Interior-designer", "previous_work": "previous_work/pro5_J72LTqo.jpg", "photo": "professional_photos/profile1.jpg"}}, {"model": "home.professional", "pk": 29, "fields": {"user": 83, "user_profile": null, "phone": "0555555777", "address": "riyadh", "bio": "interior design", "job": "Interior-designer", "previous_work": "previous_work/pro4_2U400YF.jpg", "photo": ""}}, {"model": "home.professional", "pk": 30, "fields": {"user": 84, "user_profile": null, "phone": "0555555888", "address": "riyadh", "bio": "interior design", "job": "Interior-designer", "previous_work": "previous_work/pro2_hVL05fK.jpg", "photo": "professional_photos/profile1_PgfRlJn.jpg"}}, {"model": "home.professional", "pk": 31, "fields": {"user": 87, "user_profile": null, "phone": "0555555550", "address": "riyadh", "bio": "interior design", "job": "Interior-designer", "previous_work": "previous_work/pro1_33dxaBp.jpg", "photo": "professional_photos/profile1_Z48qLGk.jpg"}}, {"model": "home.professional", "pk": 32, "fields": {"user": 90, "user_profile": null, "phone": "0555555556", "address": "riyadh", "bio": "interior design", "job": "architect", "previous_work": "previous_work/pro1_pzQNsAV.jpg", "photo": ""}}, {"model": "home.professional", "pk": 33, "fields": {"user": 91, "user_profile": null, "phone": "0555555556", "address": "riyadh", "bio": "-", "job": "interior", "previous_work": "", "photo": "professional_photos/profile_IVBiWON.jpg"}}, {"model": "home.professional", "pk": 34, "fields": {"user": 94, "user_profile": null, "phone": "0555555556", "address": "riyadh", "bio": "interior design", "job": "Interior-designer", "previous_work": "previous_work/pro3_ioNCCI3.jpg", "photo": ""}}, {"model": "home.professional", "pk": 35, "fields": {"user": 95, "user_profile": null, "phone": "0555555556", "address": "riyadh", "bio": "interior design", "job": "Interior-designer", "previous_work": "previous_work/pro4_aUZHIuL.jpg", "photo": ""}}, {"model": "home.professional", "pk": 36, "fields": {"user": 96, "user_profile": null, "phone": "0555555556", "address": "riyadh", "bio": "-", "job": "interior", "previous_work": "previous_work/pro6_sRBJmNh.jpg", "photo": "professional_photos/profile1_AZKxMyy.jpg"}}, {"model": "home.professional", "pk": 37, "fields": {"user": 98, "user_profile": null, "phone": "0555555556", "address": "riyadh", "bio": "-", "job": "interior", "previous_work": "previous_work/pro6_pWGlbqM.jpg", "photo": ""}}, {"model": "home.previouswork", "pk": 9, "fields": {"professional": 28, "project_name": "Project Name", "products_used": "", "location": "Location", "description": "Description"}}, {"model": "home.previouswork", "pk": 10, "fields": {"professional": 28, "project_name": "Project Name", "products_used": "", "location": "Location", "description": "Description"}}, {"model": "home.previouswork", "pk": 11, "fields": {"professional": 28, "project_name": "Project Name", "products_used": "", "location": "Location", "description": "Description"}}, {"model": "home.previouswork", "pk": 12, "fields": {"professional": 28, "project_name": "Project Name", "products_used": "", "location": "Location", "description": "Description"}}, {"model": "home.previouswork", "pk": 13, "fields": {"professional": 28, "project_name": "Project Name", "products_used": "", "location": "Location", "description": "Description"}}, {"model": "home.previouswork", "pk": 14, "fields": {"professional": 28, "project_name": "Project Name", "products_used": "", "location": "Location", "description": "Description"}}, {"model": "home.previouswork", "pk": 15, "fields": {"professional": 28, "project_name": "Project Name", "products_used": "", "location": "Location", "description": "Description"}}, {"model": "home.previouswork", "pk": 16, "fields": {"professional": 28, "project_name": "Project Name", "products_used": "", "location": "Location", "description": "Description"}}, {"model": "home.previouswork", "pk": 72, "fields": {"professional": 30, "project_name": "╟طع╟╠╧و╔", "products_used": "abyat", "location": "╟ط╤و╟╓", "description": "-"}}, {"model": "home.previouswork", "pk": 74, "fields": {"professional": 30, "project_name": "╤µ╘غ", "products_used": "╟و▀و╟", "location": "╟ط╤و╟╓", "description": "-"}}, {"model": "home.previouswork", "pk": 75, "fields": {"professional": 30, "project_name": "╤µ╘غ", "products_used": "╟و▀و╟", "location": "╟ط╤و╟╓", "description": "-"}}, {"model": "home.previouswork", "pk": 77, "fields": {"professional": 35, "project_name": "═╪وغ", "products_used": "╟و▀و╟", "location": "╟ط╤و╟╓", "description": "-"}}, {"model": "home.projectimage", "pk": 1, "fields": {"project": 9, "image": "project_images/pro6.jpg"}}, {"model": "home.projectimage", "pk": 2, "fields": {"project": 10, "image": "project_images/pro5.jpg"}}, {"model": "home.projectimage", "pk": 3, "fields": {"project": 11, "image": "project_images/pro4.jpg"}}, {"model": "home.projectimage", "pk": 4, "fields": {"project": 12, "image": "project_images/pro2.jpg"}}, {"model": "home.projectimage", "pk": 5, "fields": {"project": 13, "image": "project_images/pro3.jpg"}}, {"model": "home.projectimage", "pk": 6, "fields": {"project": 14, "image": "project_images/pro6_G0Zyk1V.jpg"}}, {"model": "home.projectimage", "pk": 7, "fields": {"project": 15, "image": "project_images/pro5_8iIlTmk.jpg"}}, {"model": "home.projectimage", "pk": 8, "fields": {"project": 16, "image": "project_images/pro6_2rzYwmC.jpg"}}, {"model": "home.projectimage", "pk": 58, "fields": {"project": 72, "image": "project_images/pro2_501hC9P.jpg"}}, {"model": "home.projectimage", "pk": 60, "fields": {"project": 74, "image": "project_images/pro5_gwtgdM8.jpg"}}, {"model": "home.projectimage", "pk": 61, "fields": {"project": 75, "image": "project_images/pro6_OGGBUPL.jpg"}}, {"model": "home.projectimage", "pk": 63, "fields": {"project": 77, "image": "project_images/pro6_f8eTwmT.jpg"}}, {"model": "home.projectimage", "pk": 73, "fields": {"project": 77, "image": "project_images/pro1_uZ9iWi0.jpg"}}, {"model": "home.projectimage", "pk": 74, "fields": {"project": 75, "image": "project_images/pro2_eGXncJA.jpg"}}, {"model": "home.projectimage", "pk": 75, "fields": {"project": 74, "image": "project_images/pro3_6L8CICg.jpg"}}]
